COUNTRY,COUNTRY_CODE,SEX_CODE,AGEGROUP_CODE,FRACTION_POP,WEIGHTED_DEATHS_100K,AGE_MIDPOINT,WEIGHTED_AGE,GENDER_RATIO
Australia,AUS,FMLE,YEARS0-1,0.006468226,1.60864787,0.5,0.003234113,0.992050357
Australia,AUS,FMLE,YEARS10-14,0.030497119,0.140286749,12,0.365965433,0.992050357
Australia,AUS,FMLE,YEARS1-4,0.025478749,0.219117239,2.5,0.063696872,0.992050357
Australia,AUS,FMLE,YEARS15-19,0.029111621,0.439585473,17,0.494897553,0.992050357
Australia,AUS,FMLE,YEARS20-24,0.031284638,0.52871039,22,0.688262046,0.992050357
Australia,AUS,FMLE,YEARS25-29,0.034849503,0.735324518,27,0.940936587,0.992050357
Australia,AUS,FMLE,YEARS30-34,0.03700907,1.187991156,32,1.184290249,0.992050357
Australia,AUS,FMLE,YEARS35-39,0.035616945,1.77016219,37,1.317826982,0.992050357
Australia,AUS,FMLE,YEARS40-44,0.032245032,2.46029597,42,1.35429136,0.992050357
Australia,AUS,FMLE,YEARS45-49,0.033365922,3.706953911,47,1.568198324,0.992050357
Australia,AUS,FMLE,YEARS50-54,0.031186397,5.463856748,52,1.621692642,0.992050357
Australia,AUS,FMLE,YEARS55-59,0.030875206,8.042991247,57,1.75988676,0.992050357
Australia,AUS,FMLE,YEARS5-9,0.03140498,0.125619921,7,0.219834862,0.992050357
Australia,AUS,FMLE,YEARS60-64,0.028204196,10.50606312,62,1.74866017,0.992050357
Australia,AUS,FMLE,YEARS65-69,0.024612152,14.05600025,67,1.649014212,0.992050357
Australia,AUS,FMLE,YEARS70-74,0.021239565,20.04802523,72,1.529248667,0.992050357
Australia,AUS,FMLE,YEARS75-79,0.014938698,25.52575372,77,1.150279766,0.992050357
Australia,AUS,FMLE,YEARS80-84,0.010814817,35.16005209,82,0.886815008,0.992050357
Australia,AUS,FMLE,YEARS85PLUS,0.012792503,126.7238094,88,1.125740223,0.992050357
Australia,AUS,MLE,YEARS0-1,0.006835997,2.032341913,0.5,0.003417999,0.992050357
Australia,AUS,MLE,YEARS10-14,0.032104772,0.224733407,12,0.385257269,0.992050357
Australia,AUS,MLE,YEARS1-4,0.026877619,0.298341568,2.5,0.067194047,0.992050357
Australia,AUS,MLE,YEARS15-19,0.030468512,0.965851828,17,0.517964703,0.992050357
Australia,AUS,MLE,YEARS20-24,0.032538686,1.678996175,22,0.715851082,0.992050357
Australia,AUS,MLE,YEARS25-29,0.036291185,1.952465766,27,0.979862002,0.992050357
Australia,AUS,MLE,YEARS30-34,0.037072237,2.606178251,32,1.186311579,0.992050357
Australia,AUS,MLE,YEARS35-39,0.035614366,3.46883929,37,1.317731558,0.992050357
Australia,AUS,MLE,YEARS40-44,0.031881864,4.217970635,42,1.339038297,0.992050357
Australia,AUS,MLE,YEARS45-49,0.032752428,6.258989041,47,1.539364128,0.992050357
Australia,AUS,MLE,YEARS50-54,0.030429985,8.359116902,52,1.582359224,0.992050357
Australia,AUS,MLE,YEARS55-59,0.030256832,13.11331119,57,1.724639451,0.992050357
Australia,AUS,MLE,YEARS5-9,0.033086076,0.152195951,7,0.231602535,0.992050357
Australia,AUS,MLE,YEARS60-64,0.026978479,17.4065146,62,1.672665693,0.992050357
Australia,AUS,MLE,YEARS65-69,0.023565738,22.34031932,67,1.578904425,0.992050357
Australia,AUS,MLE,YEARS70-74,0.020226162,31.20087713,72,1.456283647,0.992050357
Australia,AUS,MLE,YEARS75-79,0.013771545,35.68344995,77,1.060408956,0.992050357
Australia,AUS,MLE,YEARS80-84,0.009200022,43.59154528,82,0.754401822,0.992050357
Australia,AUS,MLE,YEARS85PLUS,0.008052152,91.72770116,88,0.708589385,0.992050357
Belgium,BEL,FMLE,YEARS0-1,0.00515862,1.180292298,0.5,0.00257931,0.98003242
Belgium,BEL,FMLE,YEARS10-14,0.027941667,0.1257375,12,0.335299999,0.98003242
Belgium,BEL,FMLE,YEARS1-4,0.02158107,0.224443126,2.5,0.053952675,0.98003242
Belgium,BEL,FMLE,YEARS15-19,0.026809538,0.310990642,17,0.455762148,0.98003242
Belgium,BEL,FMLE,YEARS20-24,0.028063597,0.409728523,22,0.617399144,0.98003242
Belgium,BEL,FMLE,YEARS25-29,0.03110303,0.640722413,27,0.839781804,0.98003242
Belgium,BEL,FMLE,YEARS30-34,0.032191135,0.933542912,32,1.030116317,0.98003242
Belgium,BEL,FMLE,YEARS35-39,0.032696277,1.477871723,37,1.209762251,0.98003242
Belgium,BEL,FMLE,YEARS40-44,0.031993896,2.322756875,42,1.343743647,0.98003242
Belgium,BEL,FMLE,YEARS45-49,0.03269567,4.204663219,47,1.536696511,0.98003242
Belgium,BEL,FMLE,YEARS50-54,0.034140469,6.592524537,52,1.775304381,0.98003242
Belgium,BEL,FMLE,YEARS55-59,0.03430391,11.09388448,57,1.955322867,0.98003242
Belgium,BEL,FMLE,YEARS5-9,0.028107794,0.14616053,7,0.196754559,0.98003242
Belgium,BEL,FMLE,YEARS60-64,0.031598726,16.72204578,62,1.959121009,0.98003242
Belgium,BEL,FMLE,YEARS65-69,0.02807755,20.43203296,67,1.881195834,0.98003242
Belgium,BEL,FMLE,YEARS70-74,0.024686017,27.65574506,72,1.777393238,0.98003242
Belgium,BEL,FMLE,YEARS75-79,0.018001831,32.46630275,77,1.38614101,0.98003242
Belgium,BEL,FMLE,YEARS80-84,0.016435622,57.72354794,82,1.347721002,0.98003242
Belgium,BEL,FMLE,YEARS85PLUS,0.019455816,212.3115889,88,1.712111782,0.98003242
Belgium,BEL,MLE,YEARS0-1,0.005433246,1.592484483,0.5,0.002716623,0.98003242
Belgium,BEL,MLE,YEARS10-14,0.029531274,0.19490641,12,0.35437529,0.98003242
Belgium,BEL,MLE,YEARS1-4,0.022938428,0.289024194,2.5,0.05734607,0.98003242
Belgium,BEL,MLE,YEARS15-19,0.028286487,0.625131372,17,0.480870287,0.98003242
Belgium,BEL,MLE,YEARS20-24,0.029543493,1.264461512,22,0.649956852,0.98003242
Belgium,BEL,MLE,YEARS25-29,0.032214187,1.623595,27,0.869783036,0.98003242
Belgium,BEL,MLE,YEARS30-34,0.032280308,2.111132158,32,1.032969863,0.98003242
Belgium,BEL,MLE,YEARS35-39,0.032695584,2.726811687,37,1.2097366,0.98003242
Belgium,BEL,MLE,YEARS40-44,0.033132698,4.075321817,42,1.391573303,0.98003242
Belgium,BEL,MLE,YEARS45-49,0.034261013,6.262913207,47,1.610267619,0.98003242
Belgium,BEL,MLE,YEARS50-54,0.035384909,9.975005837,52,1.840015266,0.98003242
Belgium,BEL,MLE,YEARS55-59,0.034990865,19.0210343,57,1.994479314,0.98003242
Belgium,BEL,MLE,YEARS5-9,0.029891347,0.191304622,7,0.20923943,0.98003242
Belgium,BEL,MLE,YEARS60-64,0.030969833,27.16673757,62,1.920129651,0.98003242
Belgium,BEL,MLE,YEARS65-69,0.026145461,36.19577646,67,1.751745899,0.98003242
Belgium,BEL,MLE,YEARS70-74,0.021675356,44.97853141,72,1.560625638,0.98003242
Belgium,BEL,MLE,YEARS75-79,0.014387062,45.37823264,77,1.107803783,0.98003242
Belgium,BEL,MLE,YEARS80-84,0.011431344,61.40689136,82,0.937370172,0.98003242
Belgium,BEL,MLE,YEARS85PLUS,0.009764868,126.9872313,88,0.859308421,0.98003242
Brazil,BRA,FMLE,YEARS0-1,0.006741759,7.008732685,0.5,0.00337088,0.966610878
Brazil,BRA,FMLE,YEARS10-14,0.035178753,0.499538299,12,0.422145042,0.966610878
Brazil,BRA,FMLE,YEARS1-4,0.026983753,0.747449946,2.5,0.067459381,0.966610878
Brazil,BRA,FMLE,YEARS15-19,0.038369436,1.27002833,17,0.652280411,0.966610878
Brazil,BRA,FMLE,YEARS20-24,0.040250269,1.714661477,22,0.885505927,0.966610878
Brazil,BRA,FMLE,YEARS25-29,0.039955201,1.989769021,27,1.078790433,0.966610878
Brazil,BRA,FMLE,YEARS30-34,0.040936341,2.734547554,32,1.3099629,0.966610878
Brazil,BRA,FMLE,YEARS35-39,0.041041145,4.288799696,37,1.518522381,0.966610878
Brazil,BRA,FMLE,YEARS40-44,0.036867556,5.364229425,42,1.54843736,0.966610878
Brazil,BRA,FMLE,YEARS45-49,0.033081966,7.026609566,47,1.554852399,0.966610878
Brazil,BRA,FMLE,YEARS50-54,0.031241189,9.8628435,52,1.62454185,0.966610878
Brazil,BRA,FMLE,YEARS55-59,0.028185077,13.58802575,57,1.606549404,0.966610878
Brazil,BRA,FMLE,YEARS5-9,0.033861399,0.38263381,7,0.237029794,0.966610878
Brazil,BRA,FMLE,YEARS60-64,0.023122592,17.03210155,62,1.433600728,0.966610878
Brazil,BRA,FMLE,YEARS65-69,0.018362885,20.3515852,67,1.23031328,0.966610878
Brazil,BRA,FMLE,YEARS70-74,0.013317936,23.85775066,72,0.958891396,0.966610878
Brazil,BRA,FMLE,YEARS75-79,0.009161205,26.37602656,77,0.705412818,0.966610878
Brazil,BRA,FMLE,YEARS80-84,0.006361355,29.51350844,82,0.521631144,0.966610878
Brazil,BRA,FMLE,YEARS85PLUS,0.005469181,61.65298254,88,0.48128792,0.966610878
Brazil,BRA,MLE,YEARS0-1,0.007059007,9.293888417,0.5,0.003529503,0.966610878
Brazil,BRA,MLE,YEARS10-14,0.036612877,0.911660628,12,0.439354519,0.966610878
Brazil,BRA,MLE,YEARS1-4,0.028260652,0.949557905,2.5,0.07065163,0.966610878
Brazil,BRA,MLE,YEARS15-19,0.039723545,7.444192275,17,0.67530026,0.966610878
Brazil,BRA,MLE,YEARS20-24,0.041279336,10.46431167,22,0.908145391,0.966610878
Brazil,BRA,MLE,YEARS25-29,0.04047434,9.07434704,27,1.092807181,0.966610878
Brazil,BRA,MLE,YEARS30-34,0.040858752,8.756030598,32,1.307480071,0.966610878
Brazil,BRA,MLE,YEARS35-39,0.040330132,9.87281636,37,1.492214891,0.966610878
Brazil,BRA,MLE,YEARS40-44,0.035647966,10.65874172,42,1.497214557,0.966610878
Brazil,BRA,MLE,YEARS45-49,0.031351021,13.06397064,47,1.473498009,0.966610878
Brazil,BRA,MLE,YEARS50-54,0.028940701,17.17920004,52,1.504916446,0.966610878
Brazil,BRA,MLE,YEARS55-59,0.025476495,22.45753028,57,1.452160211,0.966610878
Brazil,BRA,MLE,YEARS5-9,0.03539358,0.516746266,7,0.247755059,0.966610878
Brazil,BRA,MLE,YEARS60-64,0.020258857,26.84501125,62,1.256049127,0.966610878
Brazil,BRA,MLE,YEARS65-69,0.015451696,30.2080656,67,1.035263629,0.966610878
Brazil,BRA,MLE,YEARS70-74,0.010589178,31.36620523,72,0.762420842,0.966610878
Brazil,BRA,MLE,YEARS75-79,0.006737931,29.27293924,77,0.518820652,0.966610878
Brazil,BRA,MLE,YEARS80-84,0.004210292,28.24095139,82,0.345243905,0.966610878
Brazil,BRA,MLE,YEARS85PLUS,0.002854643,42.37203472,88,0.251208571,0.966610878
Canada,CAN,FMLE,YEARS0-1,0.005160696,1.899136185,0.5,0.002580348,0.984933705
Canada,CAN,FMLE,YEARS10-14,0.025692604,0.17727897,12,0.308311253,0.984933705
Canada,CAN,FMLE,YEARS1-4,0.020660052,0.198336502,2.5,0.051650131,0.984933705
Canada,CAN,FMLE,YEARS15-19,0.026157975,0.491769932,17,0.444685576,0.984933705
Canada,CAN,FMLE,YEARS20-24,0.031438342,0.789102379,22,0.69164352,0.984933705
Canada,CAN,FMLE,YEARS25-29,0.035589122,1.163764293,27,0.960906297,0.984933705
Canada,CAN,FMLE,YEARS30-34,0.034653863,1.427739172,32,1.108923628,0.984933705
Canada,CAN,FMLE,YEARS35-39,0.035053371,1.815764625,37,1.296974732,0.984933705
Canada,CAN,FMLE,YEARS40-44,0.032597011,2.555605626,42,1.369074443,0.984933705
Canada,CAN,FMLE,YEARS45-49,0.031729753,3.740937894,47,1.491298397,0.984933705
Canada,CAN,FMLE,YEARS50-54,0.033081039,6.374716179,52,1.720214018,0.984933705
Canada,CAN,FMLE,YEARS55-59,0.037062137,11.69681031,57,2.112541785,0.984933705
Canada,CAN,FMLE,YEARS5-9,0.025860549,0.121544583,7,0.181023846,0.984933705
Canada,CAN,FMLE,YEARS60-64,0.033661135,15.95201187,62,2.086990369,0.984933705
Canada,CAN,FMLE,YEARS65-69,0.028761565,20.52137661,67,1.927024853,0.984933705
Canada,CAN,FMLE,YEARS70-74,0.023740694,27.1569797,72,1.709329958,0.984933705
Canada,CAN,FMLE,YEARS75-79,0.016670508,31.70063759,77,1.283629099,0.984933705
Canada,CAN,FMLE,YEARS80-84,0.011857704,40.87587585,82,0.972331695,0.984933705
Canada,CAN,FMLE,YEARS85PLUS,0.014367043,138.1606712,88,1.264299804,0.984933705
Canada,CAN,MLE,YEARS0-1,0.00542912,2.28131606,0.5,0.00271456,0.984933705
Canada,CAN,MLE,YEARS10-14,0.026912298,0.207224694,12,0.322947575,0.984933705
Canada,CAN,MLE,YEARS1-4,0.021671866,0.270898324,2.5,0.054179665,0.984933705
Canada,CAN,MLE,YEARS15-19,0.027464461,0.89808788,17,0.46689584,0.984933705
Canada,CAN,MLE,YEARS20-24,0.032910367,1.941711668,22,0.72402808,0.984933705
Canada,CAN,MLE,YEARS25-29,0.036663083,2.9513782,27,0.989903247,0.984933705
Canada,CAN,MLE,YEARS30-34,0.034656617,3.226531004,32,1.109011731,0.984933705
Canada,CAN,MLE,YEARS35-39,0.034763777,3.375562792,37,1.286259766,0.984933705
Canada,CAN,MLE,YEARS40-44,0.032215439,3.985049763,42,1.353048424,0.984933705
Canada,CAN,MLE,YEARS45-49,0.031700457,6.051617234,47,1.489921477,0.984933705
Canada,CAN,MLE,YEARS50-54,0.033331446,9.309472921,52,1.733235202,0.984933705
Canada,CAN,MLE,YEARS55-59,0.037127438,17.25683326,57,2.116263975,0.984933705
Canada,CAN,MLE,YEARS5-9,0.027071182,0.159719971,7,0.189498271,0.984933705
Canada,CAN,MLE,YEARS60-64,0.033204131,24.97614721,62,2.058656111,0.984933705
Canada,CAN,MLE,YEARS65-69,0.027289272,30.19012186,67,1.828381239,0.984933705
Canada,CAN,MLE,YEARS70-74,0.022203741,39.02751564,72,1.598669355,0.984933705
Canada,CAN,MLE,YEARS75-79,0.014277524,41.12926393,77,1.099369363,0.984933705
Canada,CAN,MLE,YEARS80-84,0.009144708,47.21229591,82,0.749866015,0.984933705
Canada,CAN,MLE,YEARS85PLUS,0.00816791,89.24830471,88,0.7187761,0.984933705
China,CHN,FMLE,YEARS0-1,0.005400306,3.149458539,0.5,0.002700153,1.052441413
China,CHN,FMLE,YEARS10-14,0.026903083,0.31476607,12,0.322836994,1.052441413
China,CHN,FMLE,YEARS1-4,0.022423056,0.540395647,2.5,0.05605764,1.052441413
China,CHN,FMLE,YEARS15-19,0.026827208,0.509716951,17,0.456062536,1.052441413
China,CHN,FMLE,YEARS20-24,0.029015599,0.80083053,22,0.638343176,1.052441413
China,CHN,FMLE,YEARS25-29,0.034662413,1.022541183,27,0.93588515,1.052441413
China,CHN,FMLE,YEARS30-34,0.043013816,1.797977496,32,1.376442103,1.052441413
China,CHN,FMLE,YEARS35-39,0.03280713,2.109498453,37,1.213863806,1.052441413
China,CHN,FMLE,YEARS40-44,0.034070277,3.492203418,42,1.430951644,1.052441413
China,CHN,FMLE,YEARS45-49,0.042167474,6.093200043,47,1.981871294,1.052441413
China,CHN,FMLE,YEARS50-54,0.041658944,10.20644123,52,2.166265078,1.052441413
China,CHN,FMLE,YEARS55-59,0.032422516,12.8393162,57,1.848083393,1.052441413
China,CHN,FMLE,YEARS5-9,0.02800396,0.428460588,7,0.19602772,1.052441413
China,CHN,FMLE,YEARS60-64,0.026823422,17.89390474,62,1.663052157,1.052441413
China,CHN,FMLE,YEARS65-69,0.025315777,28.94352809,67,1.696157073,1.052441413
China,CHN,FMLE,YEARS70-74,0.015119762,32.38804293,72,1.088622889,1.052441413
China,CHN,FMLE,YEARS75-79,0.009576603,35.83181875,77,0.737398451,1.052441413
China,CHN,FMLE,YEARS80-84,0.006379925,45.80977278,82,0.523153819,1.052441413
China,CHN,FMLE,YEARS85PLUS,0.004633355,73.19867327,88,0.407735264,1.052441413
China,CHN,MLE,YEARS0-1,0.006064526,4.04564518,0.5,0.003032263,1.052441413
China,CHN,MLE,YEARS10-14,0.031349967,0.664619291,12,0.376199598,1.052441413
China,CHN,MLE,YEARS1-4,0.025356393,0.674480048,2.5,0.063390982,1.052441413
China,CHN,MLE,YEARS15-19,0.030821982,1.334591819,17,0.523973693,1.052441413
China,CHN,MLE,YEARS20-24,0.032717976,2.33606346,22,0.719795464,1.052441413
China,CHN,MLE,YEARS25-29,0.038068632,3.056911152,27,1.027853065,1.052441413
China,CHN,MLE,YEARS30-34,0.045638119,5.221000835,32,1.460419814,1.052441413
China,CHN,MLE,YEARS35-39,0.034420813,5.748275703,37,1.273570066,1.052441413
China,CHN,MLE,YEARS40-44,0.035650222,8.923250634,42,1.497309335,1.052441413
China,CHN,MLE,YEARS45-49,0.043758192,14.31768051,47,2.056635036,1.052441413
China,CHN,MLE,YEARS50-54,0.042459205,21.8197855,52,2.207878666,1.052441413
China,CHN,MLE,YEARS55-59,0.033230659,26.48151227,57,1.894147571,1.052441413
China,CHN,MLE,YEARS5-9,0.032244356,0.564276222,7,0.225710489,1.052441413
China,CHN,MLE,YEARS60-64,0.026988039,34.29909888,62,1.673258423,1.052441413
China,CHN,MLE,YEARS65-69,0.024561885,49.91466305,67,1.645646307,1.052441413
China,CHN,MLE,YEARS70-74,0.013809244,50.67716458,72,0.994265587,1.052441413
China,CHN,MLE,YEARS75-79,0.008246827,50.68334762,77,0.635005657,1.052441413
China,CHN,MLE,YEARS80-84,0.004780883,53.39959944,82,0.392032442,1.052441413
China,CHN,MLE,YEARS85PLUS,0.002607454,67.06007726,88,0.229455989,1.052441413
France,FRA,FMLE,YEARS0-1,0.00523529,1.755392586,0.5,0.002617645,0.938082776
France,FRA,FMLE,YEARS10-14,0.029900538,0.131562367,12,0.358806457,0.938082776
France,FRA,FMLE,YEARS1-4,0.022307247,0.263225515,2.5,0.055768118,0.938082776
France,FRA,FMLE,YEARS15-19,0.029085211,0.267583946,17,0.494448595,0.938082776
France,FRA,FMLE,YEARS20-24,0.028108392,0.373841612,22,0.618384621,0.938082776
France,FRA,FMLE,YEARS25-29,0.028769641,0.526484436,27,0.776780316,0.938082776
France,FRA,FMLE,YEARS30-34,0.031070603,0.755015647,32,0.994259288,0.938082776
France,FRA,FMLE,YEARS35-39,0.031527,1.273690782,37,1.166498983,0.938082776
France,FRA,FMLE,YEARS40-44,0.031018676,2.090658738,42,1.302784377,0.938082776
France,FRA,FMLE,YEARS45-49,0.034252959,4.11035507,47,1.609889069,0.938082776
France,FRA,FMLE,YEARS50-54,0.034024277,6.362539775,52,1.769262397,0.938082776
France,FRA,FMLE,YEARS55-59,0.033469891,10.09117215,57,1.907783789,0.938082776
France,FRA,FMLE,YEARS5-9,0.029564516,0.118258066,7,0.206951615,0.938082776
France,FRA,FMLE,YEARS60-64,0.031640742,13.06762635,62,1.96172599,0.938082776
France,FRA,FMLE,YEARS65-69,0.030913225,17.09501318,67,2.071186046,0.938082776
France,FRA,FMLE,YEARS70-74,0.0277342,23.66836647,72,1.996862416,0.938082776
France,FRA,FMLE,YEARS75-79,0.017936018,23.99839152,77,1.381073353,0.938082776
France,FRA,FMLE,YEARS80-84,0.016573982,42.98628014,82,1.359066538,0.938082776
France,FRA,FMLE,YEARS85PLUS,0.022841427,210.7167329,88,2.010045581,0.938082776
France,FRA,MLE,YEARS0-1,0.005495033,2.239775319,0.5,0.002747516,0.938082776
France,FRA,MLE,YEARS10-14,0.031327321,0.175432998,12,0.375927854,0.938082776
France,FRA,MLE,YEARS1-4,0.023299543,0.335513426,2.5,0.058248859,0.938082776
France,FRA,MLE,YEARS15-19,0.030323908,0.615575341,17,0.515506444,0.938082776
France,FRA,MLE,YEARS20-24,0.028678546,1.046766937,22,0.630928017,0.938082776
France,FRA,MLE,YEARS25-29,0.028299994,1.358399715,27,0.764099839,0.938082776
France,FRA,MLE,YEARS30-34,0.029938877,1.814295941,32,0.958044061,0.938082776
France,FRA,MLE,YEARS35-39,0.030416339,2.518472898,37,1.125404556,0.938082776
France,FRA,MLE,YEARS40-44,0.030245081,3.904639978,42,1.270293409,0.938082776
France,FRA,MLE,YEARS45-49,0.033586873,7.140569188,47,1.578583028,0.938082776
France,FRA,MLE,YEARS50-54,0.032891415,10.76536007,52,1.710353571,0.938082776
France,FRA,MLE,YEARS55-59,0.031672663,19.19680085,57,1.805341772,0.938082776
France,FRA,MLE,YEARS5-9,0.030890347,0.148273666,7,0.21623243,0.938082776
France,FRA,MLE,YEARS60-64,0.029041361,26.77613442,62,1.800564354,0.938082776
France,FRA,MLE,YEARS65-69,0.027531727,34.06225315,67,1.844625736,0.938082776
France,FRA,MLE,YEARS70-74,0.023848141,40.60384465,72,1.717066143,0.938082776
France,FRA,MLE,YEARS75-79,0.014257682,35.54582725,77,1.097841522,0.938082776
France,FRA,MLE,YEARS80-84,0.011316046,51.26960739,82,0.927915732,0.938082776
France,FRA,MLE,YEARS85PLUS,0.010965269,121.2298176,88,0.964943645,0.938082776
Germany,DEU,FMLE,YEARS0-1,0.004851345,1.285121279,0.5,0.002425672,0.975896242
Germany,DEU,FMLE,YEARS10-14,0.021873846,0.104994461,12,0.262486152,0.975896242
Germany,DEU,FMLE,YEARS1-4,0.018395682,0.174758977,2.5,0.045989204,0.975896242
Germany,DEU,FMLE,YEARS15-19,0.023794963,0.254606102,17,0.404514367,0.975896242
Germany,DEU,FMLE,YEARS20-24,0.026043258,0.33074938,22,0.572951682,0.975896242
Germany,DEU,FMLE,YEARS25-29,0.02792042,0.457894888,27,0.75385134,0.975896242
Germany,DEU,FMLE,YEARS30-34,0.031499953,0.919798619,32,1.007998487,0.975896242
Germany,DEU,FMLE,YEARS35-39,0.031314541,1.337130921,37,1.158638034,0.975896242
Germany,DEU,FMLE,YEARS40-44,0.029639806,1.997722891,42,1.244871831,0.975896242
Germany,DEU,FMLE,YEARS45-49,0.032179407,3.832567353,47,1.512432121,0.975896242
Germany,DEU,FMLE,YEARS50-54,0.040900285,7.967375556,52,2.12681483,0.975896242
Germany,DEU,FMLE,YEARS55-59,0.040266846,13.34040596,57,2.295210202,0.975896242
Germany,DEU,FMLE,YEARS5-9,0.021682915,0.1019097,7,0.151780404,0.975896242
Germany,DEU,FMLE,YEARS60-64,0.03460199,18.92036819,62,2.145323387,0.975896242
Germany,DEU,FMLE,YEARS65-69,0.02937447,23.77275894,67,1.96808952,0.975896242
Germany,DEU,FMLE,YEARS70-74,0.024396349,31.76160674,72,1.756537127,0.975896242
Germany,DEU,FMLE,YEARS75-79,0.02484476,48.42492256,77,1.913046553,0.975896242
Germany,DEU,FMLE,YEARS80-84,0.022405282,88.06620296,82,1.837233156,0.975896242
Germany,DEU,FMLE,YEARS85PLUS,0.020113331,122.6852858,88,1.769973138,0.975896242
Germany,DEU,MLE,YEARS0-1,0.005100815,1.598085336,0.5,0.002550407,0.975896242
Germany,DEU,MLE,YEARS10-14,0.023602727,0.141616359,12,0.283232719,0.975896242
Germany,DEU,MLE,YEARS1-4,0.019396208,0.215297909,2.5,0.04849052,0.975896242
Germany,DEU,MLE,YEARS15-19,0.025899743,0.585334184,17,0.440295625,0.975896242
Germany,DEU,MLE,YEARS20-24,0.028452766,0.973084611,22,0.625960861,0.975896242
Germany,DEU,MLE,YEARS25-29,0.030394789,1.100291366,27,0.820659306,0.975896242
Germany,DEU,MLE,YEARS30-34,0.033680166,1.758104682,32,1.077765322,0.975896242
Germany,DEU,MLE,YEARS35-39,0.032466306,2.600551138,37,1.201253335,0.975896242
Germany,DEU,MLE,YEARS40-44,0.030084397,3.640212083,42,1.26354469,0.975896242
Germany,DEU,MLE,YEARS45-49,0.032624298,6.544434187,47,1.533342008,0.975896242
Germany,DEU,MLE,YEARS50-54,0.04128732,14.62396873,52,2.146940638,0.975896242
Germany,DEU,MLE,YEARS55-59,0.040085817,24.48040828,57,2.284891554,0.975896242
Germany,DEU,MLE,YEARS5-9,0.023092052,0.124697083,7,0.161644367,0.975896242
Germany,DEU,MLE,YEARS60-64,0.033240172,34.44014253,62,2.060890683,0.975896242
Germany,DEU,MLE,YEARS65-69,0.026680541,41.32815857,67,1.787596271,0.975896242
Germany,DEU,MLE,YEARS70-74,0.02150537,49.50751295,72,1.548386661,0.975896242
Germany,DEU,MLE,YEARS75-79,0.020128346,70.05469547,77,1.549882643,0.975896242
Germany,DEU,MLE,YEARS80-84,0.015988664,95.6250026,82,1.311070461,0.975896242
Germany,DEU,MLE,YEARS85PLUS,0.010190052,129.5389917,88,0.896724532,0.975896242
India,IND,FMLE,YEARS0-1,0.008332581,23.31539565,0.5,0.004166291,1.082039246
India,IND,FMLE,YEARS10-14,0.044036846,2.122575967,12,0.528442149,1.082039246
India,IND,FMLE,YEARS1-4,0.032355539,5.270717304,2.5,0.080888848,1.082039246
India,IND,FMLE,YEARS15-19,0.043298897,3.60246825,17,0.736081253,1.082039246
India,IND,FMLE,YEARS20-24,0.041948437,4.794706336,22,0.922865612,1.082039246
India,IND,FMLE,YEARS25-29,0.040309517,4.825049206,27,1.088356964,1.082039246
India,IND,FMLE,YEARS30-34,0.038654193,5.287893536,32,1.236934161,1.082039246
India,IND,FMLE,YEARS35-39,0.035494179,6.026911542,37,1.313284612,1.082039246
India,IND,FMLE,YEARS40-44,0.031202728,7.507376256,42,1.310514558,1.082039246
India,IND,FMLE,YEARS45-49,0.027693007,9.074998518,47,1.301571347,1.082039246
India,IND,FMLE,YEARS50-54,0.024112668,15.40799499,52,1.253858747,1.082039246
India,IND,FMLE,YEARS55-59,0.020817365,18.35883408,57,1.186589798,1.082039246
India,IND,FMLE,YEARS5-9,0.041743769,2.350174188,7,0.292206382,1.082039246
India,IND,FMLE,YEARS60-64,0.017265411,24.80176274,62,1.070455475,1.082039246
India,IND,FMLE,YEARS65-69,0.013383973,29.50362951,67,0.896726174,1.082039246
India,IND,FMLE,YEARS70-74,0.008680957,30.85385793,72,0.625028915,1.082039246
India,IND,FMLE,YEARS75-79,0.005704272,31.12478756,77,0.439228913,1.082039246
India,IND,FMLE,YEARS80-84,0.003321131,32.68889344,82,0.27233272,1.082039246
India,IND,FMLE,YEARS85PLUS,0.001942874,31.54645071,88,0.170972942,1.082039246
India,IND,MLE,YEARS0-1,0.009161866,25.74209617,0.5,0.004580933,1.082039246
India,IND,MLE,YEARS10-14,0.048895869,2.258989128,12,0.586750423,1.082039246
India,IND,MLE,YEARS1-4,0.035615693,4.711956154,2.5,0.089039232,1.082039246
India,IND,MLE,YEARS15-19,0.048685729,3.481029594,17,0.827657386,1.082039246
India,IND,MLE,YEARS20-24,0.047187799,5.926787608,22,1.038131587,1.082039246
India,IND,MLE,YEARS25-29,0.045084661,6.952054691,27,1.217285841,1.082039246
India,IND,MLE,YEARS30-34,0.04262474,9.185631536,32,1.36399169,1.082039246
India,IND,MLE,YEARS35-39,0.038669601,11.48100466,37,1.430775253,1.082039246
India,IND,MLE,YEARS40-44,0.033316244,12.64018315,42,1.399282268,1.082039246
India,IND,MLE,YEARS45-49,0.029186831,16.30668243,47,1.371781053,1.082039246
India,IND,MLE,YEARS50-54,0.025237379,20.70979334,52,1.312343716,1.082039246
India,IND,MLE,YEARS55-59,0.021589998,28.66719874,57,1.23062986,1.082039246
India,IND,MLE,YEARS5-9,0.046040517,2.104051629,7,0.322283619,1.082039246
India,IND,MLE,YEARS60-64,0.017658755,33.09427222,62,1.094842793,1.082039246
India,IND,MLE,YEARS65-69,0.013383299,37.39427494,67,0.896681014,1.082039246
India,IND,MLE,YEARS70-74,0.008037506,33.9930244,72,0.578700437,1.082039246
India,IND,MLE,YEARS75-79,0.005021789,32.27905695,77,0.386677772,1.082039246
India,IND,MLE,YEARS80-84,0.002741946,29.14030764,82,0.22483959,1.082039246
India,IND,MLE,YEARS85PLUS,0.001561435,27.24687811,88,0.137406247,1.082039246
Indonesia,IDN,FMLE,YEARS0-1,0.008243242,15.23186229,0.5,0.004121621,1.014245421
Indonesia,IDN,FMLE,YEARS10-14,0.041221874,1.23253403,12,0.494662487,1.014245421
Indonesia,IDN,FMLE,YEARS1-4,0.035017778,2.818931121,2.5,0.087544445,1.014245421
Indonesia,IDN,FMLE,YEARS15-19,0.04185327,2.050810244,17,0.711505595,1.014245421
Indonesia,IDN,FMLE,YEARS20-24,0.040367461,2.514892815,22,0.88808414,1.014245421
Indonesia,IDN,FMLE,YEARS25-29,0.037655175,2.884386381,27,1.016689717,1.014245421
Indonesia,IDN,FMLE,YEARS30-34,0.03745945,3.892036895,32,1.198702412,1.014245421
Indonesia,IDN,FMLE,YEARS35-39,0.0390893,6.066659374,37,1.446304103,1.014245421
Indonesia,IDN,FMLE,YEARS40-44,0.035642124,8.696678241,42,1.496969205,1.014245421
Indonesia,IDN,FMLE,YEARS45-49,0.032695791,12.64346241,47,1.536702181,1.014245421
Indonesia,IDN,FMLE,YEARS50-54,0.028641924,17.11068557,52,1.489380063,1.014245421
Indonesia,IDN,FMLE,YEARS55-59,0.023811897,21.5640535,57,1.357278102,1.014245421
Indonesia,IDN,FMLE,YEARS5-9,0.043404517,2.391588882,7,0.303831618,1.014245421
Indonesia,IDN,FMLE,YEARS60-64,0.018393207,26.07420986,62,1.140378817,1.014245421
Indonesia,IDN,FMLE,YEARS65-69,0.012492249,28.232483,67,0.836980691,1.014245421
Indonesia,IDN,FMLE,YEARS70-74,0.008964172,33.85319374,72,0.645420349,1.014245421
Indonesia,IDN,FMLE,YEARS75-79,0.006036218,37.69618328,77,0.464788809,1.014245421
Indonesia,IDN,FMLE,YEARS80-84,0.00357678,36.57078275,82,0.293295925,1.014245421
Indonesia,IDN,FMLE,YEARS85PLUS,0.001897404,36.91551035,88,0.166971541,1.014245421
Indonesia,IDN,MLE,YEARS0-1,0.00866733,20.05273387,0.5,0.004333665,1.014245421
Indonesia,IDN,MLE,YEARS10-14,0.043645725,1.894224453,12,0.523748697,1.014245421
Indonesia,IDN,MLE,YEARS1-4,0.036532476,3.404826752,2.5,0.09133119,1.014245421
Indonesia,IDN,MLE,YEARS15-19,0.044401485,4.400187144,17,0.754825242,1.014245421
Indonesia,IDN,MLE,YEARS20-24,0.042444519,5.543254172,22,0.933779416,1.014245421
Indonesia,IDN,MLE,YEARS25-29,0.038678326,4.861865623,27,1.044314812,1.014245421
Indonesia,IDN,MLE,YEARS30-34,0.037118012,5.42294153,32,1.187776379,1.014245421
Indonesia,IDN,MLE,YEARS35-39,0.039140877,7.886886692,37,1.448212445,1.014245421
Indonesia,IDN,MLE,YEARS40-44,0.036130411,10.94751457,42,1.517477268,1.014245421
Indonesia,IDN,MLE,YEARS45-49,0.033336104,15.99466262,47,1.56679688,1.014245421
Indonesia,IDN,MLE,YEARS50-54,0.028790909,23.03848517,52,1.497127254,1.014245421
Indonesia,IDN,MLE,YEARS55-59,0.023422525,30.43991297,57,1.335083902,1.014245421
Indonesia,IDN,MLE,YEARS5-9,0.045418299,2.870436516,7,0.317928095,1.014245421
Indonesia,IDN,MLE,YEARS60-64,0.018273026,39.14813073,62,1.132927607,1.014245421
Indonesia,IDN,MLE,YEARS65-69,0.01236851,41.59900929,67,0.828690162,1.014245421
Indonesia,IDN,MLE,YEARS70-74,0.007317557,38.04471036,72,0.526864101,1.014245421
Indonesia,IDN,MLE,YEARS75-79,0.004570304,36.0519258,77,0.351913376,1.014245421
Indonesia,IDN,MLE,YEARS80-84,0.002251842,27.01174473,82,0.184651039,1.014245421
Indonesia,IDN,MLE,YEARS85PLUS,0.001027933,21.89271531,88,0.09045812,1.014245421
Iran,IRN,FMLE,YEARS0-1,0.0093895,9.797943271,0.5,0.00469475,1.021106838
Iran,IRN,FMLE,YEARS10-14,0.035676289,0.881204336,12,0.428115467,1.021106838
Iran,IRN,FMLE,YEARS1-4,0.035147282,1.486730039,2.5,0.087868206,1.021106838
Iran,IRN,FMLE,YEARS15-19,0.032249047,1.270612436,17,0.548233792,1.021106838
Iran,IRN,FMLE,YEARS20-24,0.034335524,1.490161761,22,0.755381538,1.021106838
Iran,IRN,FMLE,YEARS25-29,0.043328444,2.105762396,27,1.169867998,1.021106838
Iran,IRN,FMLE,YEARS30-34,0.052199491,2.886631845,32,1.670383708,1.021106838
Iran,IRN,FMLE,YEARS35-39,0.048374824,3.337862872,37,1.789868496,1.021106838
Iran,IRN,FMLE,YEARS40-44,0.036796379,3.52877271,42,1.545447902,1.021106838
Iran,IRN,FMLE,YEARS45-49,0.029982925,4.413486497,47,1.409197455,1.021106838
Iran,IRN,FMLE,YEARS50-54,0.026854269,6.399372342,52,1.396421996,1.021106838
Iran,IRN,FMLE,YEARS55-59,0.021593498,8.725932626,57,1.230829398,1.021106838
Iran,IRN,FMLE,YEARS5-9,0.039788543,1.137952331,7,0.278519801,1.021106838
Iran,IRN,FMLE,YEARS60-64,0.018182864,13.20621377,62,1.127337538,1.021106838
Iran,IRN,FMLE,YEARS65-69,0.012832132,15.60387222,67,0.859752828,1.021106838
Iran,IRN,FMLE,YEARS70-74,0.008289419,17.67469919,72,0.596838168,1.021106838
Iran,IRN,FMLE,YEARS75-79,0.004998065,21.07583914,77,0.38485098,1.021106838
Iran,IRN,FMLE,YEARS80-84,0.002925324,21.46310209,82,0.239876567,1.021106838
Iran,IRN,FMLE,YEARS85PLUS,0.001834578,29.71759441,88,0.16144286,1.021106838
Iran,IRN,MLE,YEARS0-1,0.009789964,11.49635433,0.5,0.004894982,1.021106838
Iran,IRN,MLE,YEARS10-14,0.037471802,1.244063834,12,0.449661627,1.021106838
Iran,IRN,MLE,YEARS1-4,0.037127192,1.525927579,2.5,0.092817979,1.021106838
Iran,IRN,MLE,YEARS15-19,0.033677939,3.15562285,17,0.572524957,1.021106838
Iran,IRN,MLE,YEARS20-24,0.03472646,4.347752809,22,0.763982123,1.021106838
Iran,IRN,MLE,YEARS25-29,0.043016446,5.118957073,27,1.161444042,1.021106838
Iran,IRN,MLE,YEARS30-34,0.051719897,6.599458848,32,1.655036702,1.021106838
Iran,IRN,MLE,YEARS35-39,0.04819869,7.24908293,37,1.783351519,1.021106838
Iran,IRN,MLE,YEARS40-44,0.037529235,7.427035666,42,1.576227883,1.021106838
Iran,IRN,MLE,YEARS45-49,0.030600975,8.626414965,47,1.438245844,1.021106838
Iran,IRN,MLE,YEARS50-54,0.027081867,12.51182243,52,1.40825707,1.021106838
Iran,IRN,MLE,YEARS55-59,0.021314848,15.93711161,57,1.214946318,1.021106838
Iran,IRN,MLE,YEARS5-9,0.042156687,1.180387224,7,0.295096806,1.021106838
Iran,IRN,MLE,YEARS60-64,0.018103806,20.93886155,62,1.122435947,1.021106838
Iran,IRN,MLE,YEARS65-69,0.012710934,22.1958325,67,0.851632561,1.021106838
Iran,IRN,MLE,YEARS70-74,0.008076825,21.91807988,72,0.581531397,1.021106838
Iran,IRN,MLE,YEARS75-79,0.005650694,27.02444188,77,0.435103403,1.021106838
Iran,IRN,MLE,YEARS80-84,0.003859715,28.90810775,82,0.316496633,1.021106838
Iran,IRN,MLE,YEARS85PLUS,0.00240763,37.20174014,88,0.211871465,1.021106838
Italy,ITA,FMLE,YEARS0-1,0.003516559,0.838699436,0.5,0.00175828,0.9476336
Italy,ITA,FMLE,YEARS10-14,0.022993475,0.103470636,12,0.275921695,0.9476336
Italy,ITA,FMLE,YEARS1-4,0.015565245,0.110513238,2.5,0.038913112,0.9476336
Italy,ITA,FMLE,YEARS15-19,0.02290776,0.153481995,17,0.389431927,0.9476336
Italy,ITA,FMLE,YEARS20-24,0.023485497,0.270083215,22,0.516680933,0.9476336
Italy,ITA,FMLE,YEARS25-29,0.025584998,0.327487978,27,0.690794954,0.9476336
Italy,ITA,FMLE,YEARS30-34,0.027716143,0.482260886,32,0.886916571,0.9476336
Italy,ITA,FMLE,YEARS35-39,0.030546626,1.004983987,37,1.130225153,0.9476336
Italy,ITA,FMLE,YEARS40-44,0.035781927,1.882129385,42,1.502840954,0.9476336
Italy,ITA,FMLE,YEARS45-49,0.040773266,3.657361949,47,1.916343496,0.9476336
Italy,ITA,FMLE,YEARS50-54,0.041038649,6.118862634,52,2.134009772,0.9476336
Italy,ITA,FMLE,YEARS55-59,0.038579809,9.131840852,57,2.199049128,0.9476336
Italy,ITA,FMLE,YEARS5-9,0.02181057,0.089423336,7,0.152673988,0.9476336
Italy,ITA,FMLE,YEARS60-64,0.033081832,12.06163612,62,2.051073614,0.9476336
Italy,ITA,FMLE,YEARS65-69,0.030599293,17.67109165,67,2.050152624,0.9476336
Italy,ITA,FMLE,YEARS70-74,0.029251004,28.12191551,72,2.106072308,0.9476336
Italy,ITA,FMLE,YEARS75-79,0.023890335,38.70951028,77,1.839555818,0.9476336
Italy,ITA,FMLE,YEARS80-84,0.021995574,75.39202778,82,1.803637028,0.9476336
Italy,ITA,FMLE,YEARS85PLUS,0.024325033,262.2700758,88,2.140602924,0.9476336
Italy,ITA,MLE,YEARS0-1,0.003731605,1.050446686,0.5,0.001865802,0.9476336
Italy,ITA,MLE,YEARS10-14,0.024385694,0.158507009,12,0.292628325,0.9476336
Italy,ITA,MLE,YEARS1-4,0.016534921,0.138893338,2.5,0.041337303,0.9476336
Italy,ITA,MLE,YEARS15-19,0.024516098,0.451096206,17,0.416773669,0.9476336
Italy,ITA,MLE,YEARS20-24,0.025322373,0.739413284,22,0.557092201,0.9476336
Italy,ITA,MLE,YEARS25-29,0.026931933,0.816037559,27,0.727162182,0.9476336
Italy,ITA,MLE,YEARS30-34,0.02826904,1.026166168,32,0.904609294,0.9476336
Italy,ITA,MLE,YEARS35-39,0.030738748,1.564602257,37,1.137333664,0.9476336
Italy,ITA,MLE,YEARS40-44,0.035635222,2.993358689,42,1.496679344,0.9476336
Italy,ITA,MLE,YEARS45-49,0.040165505,5.719567858,47,1.887778717,0.9476336
Italy,ITA,MLE,YEARS50-54,0.039817099,9.767134354,52,2.070489141,0.9476336
Italy,ITA,MLE,YEARS55-59,0.03668589,15.00086032,57,2.091095716,0.9476336
Italy,ITA,MLE,YEARS5-9,0.023127942,0.113326915,7,0.161895592,0.9476336
Italy,ITA,MLE,YEARS60-64,0.030632323,20.39500092,62,1.899204051,0.9476336
Italy,ITA,MLE,YEARS65-69,0.027752856,29.89537677,67,1.85944137,0.9476336
Italy,ITA,MLE,YEARS70-74,0.025659779,45.93613698,72,1.847504113,0.9476336
Italy,ITA,MLE,YEARS75-79,0.019217692,54.43603349,77,1.47976226,0.9476336
Italy,ITA,MLE,YEARS80-84,0.015558985,82.53575008,82,1.275836806,0.9476336
Italy,ITA,MLE,YEARS85PLUS,0.011872699,157.066306,88,1.044797488,0.9476336
Japan,JPN,FMLE,YEARS0-1,0.003433493,0.558286028,0.5,0.001716747,0.954403335
Japan,JPN,FMLE,YEARS10-14,0.021431874,0.102872997,12,0.257182493,0.954403335
Japan,JPN,FMLE,YEARS1-4,0.015380943,0.176880842,2.5,0.038452357,0.954403335
Japan,JPN,FMLE,YEARS15-19,0.022071515,0.20526509,17,0.375215756,0.954403335
Japan,JPN,FMLE,YEARS20-24,0.023160871,0.354361324,22,0.509539159,0.954403335
Japan,JPN,FMLE,YEARS25-29,0.023978936,0.424427169,27,0.647431274,0.954403335
Japan,JPN,FMLE,YEARS30-34,0.02675938,0.663632634,32,0.856300173,0.954403335
Japan,JPN,FMLE,YEARS35-39,0.030120353,1.060236429,37,1.114453065,0.954403335
Japan,JPN,FMLE,YEARS40-44,0.034078952,1.945908141,42,1.431315971,0.954403335
Japan,JPN,FMLE,YEARS45-49,0.038597182,3.620415635,47,1.814067536,0.954403335
Japan,JPN,FMLE,YEARS50-54,0.03300637,4.766119865,52,1.716331253,0.954403335
Japan,JPN,FMLE,YEARS55-59,0.030503207,6.106742104,57,1.738682817,0.954403335
Japan,JPN,FMLE,YEARS5-9,0.020935265,0.087928114,7,0.146546856,0.954403335
Japan,JPN,FMLE,YEARS60-64,0.030209861,8.860552233,62,1.873011382,0.954403335
Japan,JPN,FMLE,YEARS65-69,0.03510672,16.79154419,67,2.352150242,0.954403335
Japan,JPN,FMLE,YEARS70-74,0.037602016,23.92240262,72,2.707345156,0.954403335
Japan,JPN,FMLE,YEARS75-79,0.029685197,36.45639075,77,2.285760189,0.954403335
Japan,JPN,FMLE,YEARS80-84,0.024157282,60.5768,82,1.980897113,0.954403335
Japan,JPN,FMLE,YEARS85PLUS,0.031445693,252.8642501,88,2.767220973,0.954403335
Japan,JPN,MLE,YEARS0-1,0.003623994,0.646520582,0.5,0.001811997,0.954403335
Japan,JPN,MLE,YEARS10-14,0.022605709,0.142415967,12,0.271268508,0.954403335
Japan,JPN,MLE,YEARS1-4,0.016230326,0.21261727,2.5,0.040575815,0.954403335
Japan,JPN,MLE,YEARS15-19,0.02326281,0.483866443,17,0.395467766,0.954403335
Japan,JPN,MLE,YEARS20-24,0.024375396,0.950640436,22,0.536258708,0.954403335
Japan,JPN,MLE,YEARS25-29,0.025190245,0.952191257,27,0.680136612,0.954403335
Japan,JPN,MLE,YEARS30-34,0.028053505,1.332541475,32,0.897712152,0.954403335
Japan,JPN,MLE,YEARS35-39,0.031436328,1.901897859,37,1.163144145,0.954403335
Japan,JPN,MLE,YEARS40-44,0.035270972,3.100318401,42,1.481380806,0.954403335
Japan,JPN,MLE,YEARS45-49,0.039882808,5.978432981,47,1.874491995,0.954403335
Japan,JPN,MLE,YEARS50-54,0.033513329,8.421899702,52,1.742693134,0.954403335
Japan,JPN,MLE,YEARS55-59,0.0308606,11.86898693,57,1.759054225,0.954403335
Japan,JPN,MLE,YEARS5-9,0.022087619,0.101603049,7,0.154613336,0.954403335
Japan,JPN,MLE,YEARS60-64,0.029912495,19.18288274,62,1.854574661,0.954403335
Japan,JPN,MLE,YEARS65-69,0.033403949,39.05589756,67,2.238064605,0.954403335
Japan,JPN,MLE,YEARS70-74,0.033495846,52.99712706,72,2.41170089,0.954403335
Japan,JPN,MLE,YEARS75-79,0.023878629,65.6686173,77,1.838654424,0.954403335
Japan,JPN,MLE,YEARS80-84,0.016885677,86.0477201,82,1.384625493,0.954403335
Japan,JPN,MLE,YEARS85PLUS,0.014364652,159.1344836,88,1.264089343,0.954403335
Mexico,MEX,FMLE,YEARS0-1,0.00829355,8.839265352,0.5,0.004146775,0.957516461
Mexico,MEX,FMLE,YEARS10-14,0.042809919,0.757735558,12,0.513719022,0.957516461
Mexico,MEX,FMLE,YEARS1-4,0.033995524,1.291829925,2.5,0.084988811,0.957516461
Mexico,MEX,FMLE,YEARS15-19,0.043241616,1.336165926,17,0.735107467,0.957516461
Mexico,MEX,FMLE,YEARS20-24,0.042654105,1.876780617,22,0.938390308,0.957516461
Mexico,MEX,FMLE,YEARS25-29,0.04210425,2.265208664,27,1.136814757,0.957516461
Mexico,MEX,FMLE,YEARS30-34,0.039037291,2.474964225,32,1.249193299,0.957516461
Mexico,MEX,FMLE,YEARS35-39,0.036870151,3.351496713,37,1.364195582,0.957516461
Mexico,MEX,FMLE,YEARS40-44,0.035016935,4.874357345,42,1.470711268,0.957516461
Mexico,MEX,FMLE,YEARS45-49,0.032594158,6.623132987,47,1.531925445,0.957516461
Mexico,MEX,FMLE,YEARS50-54,0.028111089,9.521225712,52,1.461776608,0.957516461
Mexico,MEX,FMLE,YEARS55-59,0.02345025,12.52712335,57,1.336664228,0.957516461
Mexico,MEX,FMLE,YEARS5-9,0.042916091,0.605116882,7,0.300412636,0.957516461
Mexico,MEX,FMLE,YEARS60-64,0.018915681,15.54868972,62,1.172772217,0.957516461
Mexico,MEX,FMLE,YEARS65-69,0.014487747,19.2194453,67,0.970679056,0.957516461
Mexico,MEX,FMLE,YEARS70-74,0.010033233,20.00325651,72,0.722392772,0.957516461
Mexico,MEX,FMLE,YEARS75-79,0.007158552,23.1457447,77,0.551208469,0.957516461
Mexico,MEX,FMLE,YEARS80-84,0.004585919,26.06315156,82,0.376045331,0.957516461
Mexico,MEX,FMLE,YEARS85PLUS,0.004575329,50.40411042,88,0.40262894,0.957516461
Mexico,MEX,MLE,YEARS0-1,0.008689911,11.32121612,0.5,0.004344956,0.957516461
Mexico,MEX,MLE,YEARS10-14,0.044670612,1.089962941,12,0.536047348,0.957516461
Mexico,MEX,MLE,YEARS1-4,0.035565481,1.554211502,2.5,0.088913701,0.957516461
Mexico,MEX,MLE,YEARS15-19,0.044522731,3.797788981,17,0.756886432,0.957516461
Mexico,MEX,MLE,YEARS20-24,0.043125896,6.667263527,22,0.948769713,0.957516461
Mexico,MEX,MLE,YEARS25-29,0.041614776,8.027490196,27,1.123598939,0.957516461
Mexico,MEX,MLE,YEARS30-34,0.036528737,7.948653262,32,1.168919597,0.957516461
Mexico,MEX,MLE,YEARS35-39,0.033646892,8.889508771,37,1.244934991,0.957516461
Mexico,MEX,MLE,YEARS40-44,0.031367324,11.02875125,42,1.317427624,0.957516461
Mexico,MEX,MLE,YEARS45-49,0.029127451,12.90928639,47,1.368990208,0.957516461
Mexico,MEX,MLE,YEARS50-54,0.024742715,15.82544074,52,1.286621198,0.957516461
Mexico,MEX,MLE,YEARS55-59,0.020873619,19.11188566,57,1.189796289,0.957516461
Mexico,MEX,MLE,YEARS5-9,0.044909741,0.723046834,7,0.314368189,0.957516461
Mexico,MEX,MLE,YEARS60-64,0.016436742,21.15408639,62,1.019077977,0.957516461
Mexico,MEX,MLE,YEARS65-69,0.012447105,24.9390195,67,0.833956032,0.957516461
Mexico,MEX,MLE,YEARS70-74,0.008478013,23.95123467,72,0.61041694,0.957516461
Mexico,MEX,MLE,YEARS75-79,0.005872004,26.03705236,77,0.452144298,0.957516461
Mexico,MEX,MLE,YEARS80-84,0.003465814,26.54085376,82,0.284196713,0.957516461
Mexico,MEX,MLE,YEARS85PLUS,0.003063048,38.7552179,88,0.269548245,0.957516461
Netherlands,NLD,FMLE,YEARS0-1,0.004835375,1.443842955,0.5,0.002417687,0.992140441
Netherlands,NLD,FMLE,YEARS10-14,0.027102747,0.119252087,12,0.325232965,0.992140441
Netherlands,NLD,FMLE,YEARS1-4,0.01976198,0.173905423,2.5,0.04940495,0.992140441
Netherlands,NLD,FMLE,YEARS15-19,0.029057988,0.305108877,17,0.493985801,0.992140441
Netherlands,NLD,FMLE,YEARS20-24,0.0293309,0.360770066,22,0.645279794,0.992140441
Netherlands,NLD,FMLE,YEARS25-29,0.03103411,0.536890107,27,0.837920977,0.992140441
Netherlands,NLD,FMLE,YEARS30-34,0.030813371,0.835042364,32,0.986027883,0.992140441
Netherlands,NLD,FMLE,YEARS35-39,0.029256794,1.143940633,37,1.082501366,0.992140441
Netherlands,NLD,FMLE,YEARS40-44,0.029863913,1.938167977,42,1.254284361,0.992140441
Netherlands,NLD,FMLE,YEARS45-49,0.034510894,3.772040717,47,1.622012019,0.992140441
Netherlands,NLD,FMLE,YEARS50-54,0.037349032,7.327880147,52,1.942149682,0.992140441
Netherlands,NLD,FMLE,YEARS55-59,0.035807194,12.17802668,57,2.041010058,0.992140441
Netherlands,NLD,FMLE,YEARS5-9,0.02559337,0.089576796,7,0.179153592,0.992140441
Netherlands,NLD,FMLE,YEARS60-64,0.03233234,17.44976409,62,2.004605102,0.992140441
Netherlands,NLD,FMLE,YEARS65-69,0.029839582,24.06263875,67,1.999251979,0.992140441
Netherlands,NLD,FMLE,YEARS70-74,0.027624297,35.06628234,72,1.988949369,0.992140441
Netherlands,NLD,FMLE,YEARS75-79,0.018736954,39.71297311,77,1.442745426,0.992140441
Netherlands,NLD,FMLE,YEARS80-84,0.014072894,56.86575015,82,1.15397731,0.992140441
Netherlands,NLD,FMLE,YEARS85PLUS,0.015048906,177.6433081,88,1.324303744,0.992140441
Netherlands,NLD,MLE,YEARS0-1,0.005085885,1.841598929,0.5,0.002542942,0.992140441
Netherlands,NLD,MLE,YEARS10-14,0.028633238,0.14889284,12,0.343598862,0.992140441
Netherlands,NLD,MLE,YEARS1-4,0.020811045,0.231002602,2.5,0.052027613,0.992140441
Netherlands,NLD,MLE,YEARS15-19,0.030632932,0.60959534,17,0.520759838,0.992140441
Netherlands,NLD,MLE,YEARS20-24,0.030698615,0.914818733,22,0.675369534,0.992140441
Netherlands,NLD,MLE,YEARS25-29,0.032157223,1.260563149,27,0.868245026,0.992140441
Netherlands,NLD,MLE,YEARS30-34,0.031579582,1.455818736,32,1.010546628,0.992140441
Netherlands,NLD,MLE,YEARS35-39,0.029765885,1.812742407,37,1.101337751,0.992140441
Netherlands,NLD,MLE,YEARS40-44,0.029942114,2.802581838,42,1.257568773,0.992140441
Netherlands,NLD,MLE,YEARS45-49,0.03447428,5.198721376,47,1.620291145,0.992140441
Netherlands,NLD,MLE,YEARS50-54,0.037804665,9.356654479,52,1.965842557,0.992140441
Netherlands,NLD,MLE,YEARS55-59,0.036453969,15.16120591,57,2.07787626,0.992140441
Netherlands,NLD,MLE,YEARS5-9,0.027010977,0.126951593,7,0.189076841,0.992140441
Netherlands,NLD,MLE,YEARS60-64,0.032245835,23.17508131,62,1.999241744,0.992140441
Netherlands,NLD,MLE,YEARS65-69,0.028964522,33.62201746,67,1.940622993,0.992140441
Netherlands,NLD,MLE,YEARS70-74,0.026304367,49.02607943,72,1.893914432,0.992140441
Netherlands,NLD,MLE,YEARS75-79,0.01664204,50.88802904,77,1.281437058,0.992140441
Netherlands,NLD,MLE,YEARS80-84,0.010838256,61.85284452,82,0.888737011,0.992140441
Netherlands,NLD,MLE,YEARS85PLUS,0.007981928,107.3641116,88,0.702409639,0.992140441
Poland,POL,FMLE,YEARS0-1,0.00491623,1.58941719,0.5,0.002458115,0.940253027
Poland,POL,FMLE,YEARS10-14,0.024995506,0.179967642,12,0.29994607,0.940253027
Poland,POL,FMLE,YEARS1-4,0.01922074,0.219116437,2.5,0.04805185,0.940253027
Poland,POL,FMLE,YEARS15-19,0.02260996,0.348193389,17,0.384369326,0.940253027
Poland,POL,FMLE,YEARS20-24,0.026780383,0.457944541,22,0.589168415,0.940253027
Poland,POL,FMLE,YEARS25-29,0.032742148,0.664665601,27,0.884037992,0.940253027
Poland,POL,FMLE,YEARS30-34,0.036869179,1.172439883,32,1.179813719,0.940253027
Poland,POL,FMLE,YEARS35-39,0.040692154,2.140407283,37,1.505609686,0.940253027
Poland,POL,FMLE,YEARS40-44,0.037704171,3.257640382,42,1.583575186,0.940253027
Poland,POL,FMLE,YEARS45-49,0.032987003,5.033816595,47,1.550389122,0.940253027
Poland,POL,FMLE,YEARS50-54,0.029698316,7.635437073,52,1.544312438,0.940253027
Poland,POL,FMLE,YEARS55-59,0.032993812,14.60306127,57,1.880647294,0.940253027
Poland,POL,FMLE,YEARS5-9,0.024876206,0.12438103,7,0.174133443,0.940253027
Poland,POL,FMLE,YEARS60-64,0.038761715,27.14482936,62,2.40322636,0.940253027
Poland,POL,FMLE,YEARS65-69,0.035000871,38.08094807,67,2.345058383,0.940253027
Poland,POL,FMLE,YEARS70-74,0.026543551,43.09080147,72,1.911135707,0.940253027
Poland,POL,FMLE,YEARS75-79,0.016477454,42.14603158,77,1.26876395,0.940253027
Poland,POL,FMLE,YEARS80-84,0.015592076,74.8263721,82,1.278550221,0.940253027
Poland,POL,FMLE,YEARS85PLUS,0.015935221,199.3623615,88,1.402299439,0.940253027
Poland,POL,MLE,YEARS0-1,0.005204766,1.979372687,0.5,0.002602383,0.940253027
Poland,POL,MLE,YEARS10-14,0.026227381,0.278010237,12,0.31472857,0.940253027
Poland,POL,MLE,YEARS1-4,0.020247087,0.291558054,2.5,0.050617718,0.940253027
Poland,POL,MLE,YEARS15-19,0.023391294,0.762556193,17,0.397652002,0.940253027
Poland,POL,MLE,YEARS20-24,0.027631026,1.975618386,22,0.60788258,0.940253027
Poland,POL,MLE,YEARS25-29,0.034639277,3.062112099,27,0.935260483,0.940253027
Poland,POL,MLE,YEARS30-34,0.039985039,4.686246568,32,1.279521247,0.940253027
Poland,POL,MLE,YEARS35-39,0.043423932,7.004280268,37,1.606685492,0.940253027
Poland,POL,MLE,YEARS40-44,0.038677731,9.267184253,42,1.624464685,0.940253027
Poland,POL,MLE,YEARS45-49,0.03308875,13.55646106,47,1.555171271,0.940253027
Poland,POL,MLE,YEARS50-54,0.02915574,19.50519005,52,1.516098479,0.940253027
Poland,POL,MLE,YEARS55-59,0.030964318,33.80374626,57,1.764966142,0.940253027
Poland,POL,MLE,YEARS5-9,0.026166227,0.185780209,7,0.183163586,0.940253027
Poland,POL,MLE,YEARS60-64,0.034181821,57.80829539,62,2.119272892,0.940253027
Poland,POL,MLE,YEARS65-69,0.028124748,67.76376709,67,1.884358095,0.940253027
Poland,POL,MLE,YEARS70-74,0.019164126,62.96181806,72,1.379817039,0.940253027
Poland,POL,MLE,YEARS75-79,0.010033528,49.15324887,77,0.772581633,0.940253027
Poland,POL,MLE,YEARS80-84,0.008007993,61.59507875,82,0.656655415,0.940253027
Poland,POL,MLE,YEARS85PLUS,0.00628852,92.51355977,88,0.553389747,0.940253027
South Korea,KOR,FMLE,YEARS0-1,0.003147135,0.832731918,0.5,0.001573567,1.002877439
South Korea,KOR,FMLE,YEARS10-14,0.02158413,0.107920651,12,0.259009563,1.002877439
South Korea,KOR,FMLE,YEARS1-4,0.015557775,0.136908417,2.5,0.038894437,1.002877439
South Korea,KOR,FMLE,YEARS15-19,0.024295231,0.403300832,17,0.413018925,1.002877439
South Korea,KOR,FMLE,YEARS20-24,0.03082212,0.792128489,22,0.678086644,1.002877439
South Korea,KOR,FMLE,YEARS25-29,0.031534932,0.864057129,27,0.851443156,1.002877439
South Korea,KOR,FMLE,YEARS30-34,0.030876429,1.191830169,32,0.988045736,1.002877439
South Korea,KOR,FMLE,YEARS35-39,0.036257987,2.04857624,37,1.341545502,1.002877439
South Korea,KOR,FMLE,YEARS40-44,0.037954843,2.656838988,42,1.594103393,1.002877439
South Korea,KOR,FMLE,YEARS45-49,0.041659085,4.207567582,47,1.957976993,1.002877439
South Korea,KOR,FMLE,YEARS50-54,0.041871148,5.238080622,52,2.177299699,1.002877439
South Korea,KOR,FMLE,YEARS55-59,0.040323535,7.463886241,57,2.298441468,1.002877439
South Korea,KOR,FMLE,YEARS5-9,0.021561973,0.103497471,7,0.150933813,1.002877439
South Korea,KOR,FMLE,YEARS60-64,0.03592567,8.744308183,62,2.227391567,1.002877439
South Korea,KOR,FMLE,YEARS65-69,0.02558309,9.816231652,67,1.714067033,1.002877439
South Korea,KOR,FMLE,YEARS70-74,0.020230405,14.0945233,72,1.456589174,1.002877439
South Korea,KOR,FMLE,YEARS75-79,0.017139649,27.83993118,77,1.31975294,1.002877439
South Korea,KOR,FMLE,YEARS80-84,0.012688725,42.73562506,82,1.040475432,1.002877439
South Korea,KOR,FMLE,YEARS85PLUS,0.010267813,95.06865073,88,0.903567515,1.002877439
South Korea,KOR,MLE,YEARS0-1,0.003337685,1.045363031,0.5,0.001668843,1.002877439
South Korea,KOR,MLE,YEARS10-14,0.02309149,0.16625873,12,0.277097883,1.002877439
South Korea,KOR,MLE,YEARS1-4,0.016405227,0.167333312,2.5,0.041013067,1.002877439
South Korea,KOR,MLE,YEARS15-19,0.026423846,0.628887538,17,0.449205384,1.002877439
South Korea,KOR,MLE,YEARS20-24,0.034111529,1.173436582,22,0.750453628,1.002877439
South Korea,KOR,MLE,YEARS25-29,0.036237372,1.645176677,27,0.978409037,1.002877439
South Korea,KOR,MLE,YEARS30-34,0.03428816,2.002428541,32,1.097221118,1.002877439
South Korea,KOR,MLE,YEARS35-39,0.0390714,3.606290208,37,1.445641795,1.002877439
South Korea,KOR,MLE,YEARS40-44,0.039942122,4.936846229,42,1.677569107,1.002877439
South Korea,KOR,MLE,YEARS45-49,0.043058959,9.447135619,47,2.023771076,1.002877439
South Korea,KOR,MLE,YEARS50-54,0.04227626,14.46270862,52,2.198365531,1.002877439
South Korea,KOR,MLE,YEARS55-59,0.040348366,21.17482248,57,2.299856862,1.002877439
South Korea,KOR,MLE,YEARS5-9,0.022779047,0.127562664,7,0.15945333,1.002877439
South Korea,KOR,MLE,YEARS60-64,0.034654736,24.99992689,62,2.148593661,1.002877439
South Korea,KOR,MLE,YEARS65-69,0.023615489,25.18828047,67,1.582237757,1.002877439
South Korea,KOR,MLE,YEARS70-74,0.017408851,30.4776761,72,1.253437299,1.002877439
South Korea,KOR,MLE,YEARS75-79,0.012466022,43.45780075,77,0.959883726,1.002877439
South Korea,KOR,MLE,YEARS80-84,0.007396654,46.11000436,82,0.606525667,1.002877439
South Korea,KOR,MLE,YEARS85PLUS,0.00380511,46.09358494,88,0.334849712,1.002877439
Russia,RUS,FMLE,YEARS0-1,0.006003108,2.48708784,0.5,0.003001554,0.863722082
Russia,RUS,FMLE,YEARS10-14,0.026506129,0.373736425,12,0.318073553,0.863722082
Russia,RUS,FMLE,YEARS1-4,0.025328716,0.377397864,2.5,0.063321789,0.863722082
Russia,RUS,FMLE,YEARS15-19,0.02303741,0.716463438,17,0.391635963,0.863722082
Russia,RUS,FMLE,YEARS20-24,0.02300205,0.94998466,22,0.506045097,0.863722082
Russia,RUS,FMLE,YEARS25-29,0.032867126,2.106782799,27,0.887412411,0.863722082
Russia,RUS,FMLE,YEARS30-34,0.04361466,4.8979263,32,1.395669115,0.863722082
Russia,RUS,FMLE,YEARS35-39,0.040480541,7.52533257,37,1.497780017,0.863722082
Russia,RUS,FMLE,YEARS40-44,0.037033628,9.29914397,42,1.555412372,0.863722082
Russia,RUS,FMLE,YEARS45-49,0.034088585,10.80949045,47,1.602163516,0.863722082
Russia,RUS,FMLE,YEARS50-54,0.032254248,13.64354676,52,1.677220878,0.863722082
Russia,RUS,FMLE,YEARS55-59,0.040642758,24.99936061,57,2.316637221,0.863722082
Russia,RUS,FMLE,YEARS5-9,0.03057061,0.379075567,7,0.213994271,0.863722082
Russia,RUS,FMLE,YEARS60-64,0.039977683,36.27175198,62,2.478616359,0.863722082
Russia,RUS,FMLE,YEARS65-69,0.033994592,47.88818211,67,2.277637681,0.863722082
Russia,RUS,FMLE,YEARS70-74,0.021994381,49.56653604,72,1.583595401,0.863722082
Russia,RUS,FMLE,YEARS75-79,0.015949777,65.50254369,77,1.22813282,0.863722082
Russia,RUS,FMLE,YEARS80-84,0.017741427,124.3940129,82,1.454796985,0.863722082
Russia,RUS,FMLE,YEARS85PLUS,0.011473257,181.1478206,88,1.009646659,0.863722082
Russia,RUS,MLE,YEARS0-1,0.006335276,3.196146646,0.5,0.003167638,0.863722082
Russia,RUS,MLE,YEARS10-14,0.027793612,0.569769047,12,0.333523344,0.863722082
Russia,RUS,MLE,YEARS1-4,0.02677311,0.489947905,2.5,0.066932774,0.863722082
Russia,RUS,MLE,YEARS15-19,0.024093066,1.604598201,17,0.409582123,0.863722082
Russia,RUS,MLE,YEARS20-24,0.023973201,3.051788479,22,0.527410421,0.863722082
Russia,RUS,MLE,YEARS25-29,0.033951322,6.372663049,27,0.916685681,0.863722082
Russia,RUS,MLE,YEARS30-34,0.0439335,14.57713545,32,1.405872014,0.863722082
Russia,RUS,MLE,YEARS35-39,0.039602533,20.51411213,37,1.465293723,0.863722082
Russia,RUS,MLE,YEARS40-44,0.034638375,25.15092387,42,1.454811737,0.863722082
Russia,RUS,MLE,YEARS45-49,0.031232929,27.58804655,47,1.467947682,0.863722082
Russia,RUS,MLE,YEARS50-54,0.02770149,33.37475555,52,1.440477497,0.863722082
Russia,RUS,MLE,YEARS55-59,0.032735532,56.93036328,57,1.86592531,0.863722082
Russia,RUS,MLE,YEARS5-9,0.032236828,0.493223473,7,0.225657798,0.863722082
Russia,RUS,MLE,YEARS60-64,0.028646475,75.83581237,62,1.776081429,0.863722082
Russia,RUS,MLE,YEARS65-69,0.021422908,78.03722683,67,1.435334833,0.863722082
Russia,RUS,MLE,YEARS70-74,0.012118685,59.32944719,72,0.872545335,0.863722082
Russia,RUS,MLE,YEARS75-79,0.006609152,47.51980589,77,0.508904736,0.863722082
Russia,RUS,MLE,YEARS80-84,0.006600816,65.8708666,82,0.541266941,0.863722082
Russia,RUS,MLE,YEARS85PLUS,0.003040503,44.81974621,88,0.267564237,0.863722082
Saudi Arabia,SAU,FMLE,YEARS0-1,0.008300415,4.40336997,0.5,0.004150207,1.365794691
Saudi Arabia,SAU,FMLE,YEARS10-14,0.03704571,0.529753658,12,0.444548524,1.365794691
Saudi Arabia,SAU,FMLE,YEARS1-4,0.034708843,0.69070598,2.5,0.086772108,1.365794691
Saudi Arabia,SAU,FMLE,YEARS15-19,0.03188602,1.084124679,17,0.542062339,1.365794691
Saudi Arabia,SAU,FMLE,YEARS20-24,0.033404469,1.857288453,22,0.734898309,1.365794691
Saudi Arabia,SAU,FMLE,YEARS25-29,0.03965087,2.831072142,27,1.070573499,1.365794691
Saudi Arabia,SAU,FMLE,YEARS30-34,0.040426772,4.099274655,32,1.293656696,1.365794691
Saudi Arabia,SAU,FMLE,YEARS35-39,0.038707848,5.810047933,37,1.432190363,1.365794691
Saudi Arabia,SAU,FMLE,YEARS40-44,0.036592058,8.584496802,42,1.536866435,1.365794691
Saudi Arabia,SAU,FMLE,YEARS45-49,0.026716495,9.828998686,47,1.255675287,1.365794691
Saudi Arabia,SAU,FMLE,YEARS50-54,0.016922436,9.471487612,52,0.879966689,1.365794691
Saudi Arabia,SAU,FMLE,YEARS55-59,0.012003579,10.09260934,57,0.684204011,1.365794691
Saudi Arabia,SAU,FMLE,YEARS5-9,0.042217628,0.586825025,7,0.295523394,1.365794691
Saudi Arabia,SAU,FMLE,YEARS60-64,0.008141698,10.15106856,62,0.504785251,1.365794691
Saudi Arabia,SAU,FMLE,YEARS65-69,0.006633492,12.33298762,67,0.444443939,1.365794691
Saudi Arabia,SAU,FMLE,YEARS70-74,0.003897775,11.39280521,72,0.280639767,1.365794691
Saudi Arabia,SAU,FMLE,YEARS75-79,0.002824253,13.23840408,77,0.21746749,1.365794691
Saudi Arabia,SAU,FMLE,YEARS80-84,0.001573251,12.12425939,82,0.129006588,1.365794691
Saudi Arabia,SAU,FMLE,YEARS85PLUS,0.001037337,16.71159666,88,0.091285622,1.365794691
Saudi Arabia,SAU,MLE,YEARS0-1,0.008576645,5.097957651,0.5,0.004288322,1.365794691
Saudi Arabia,SAU,MLE,YEARS10-14,0.038299893,0.593648344,12,0.459598718,1.365794691
Saudi Arabia,SAU,MLE,YEARS1-4,0.035848256,0.745643725,2.5,0.08962064,1.365794691
Saudi Arabia,SAU,MLE,YEARS15-19,0.03334844,1.980897365,17,0.566923488,1.365794691
Saudi Arabia,SAU,MLE,YEARS20-24,0.037309684,4.342847258,22,0.820813056,1.365794691
Saudi Arabia,SAU,MLE,YEARS25-29,0.048902274,7.027256796,27,1.320361402,1.365794691
Saudi Arabia,SAU,MLE,YEARS30-34,0.057988424,10.31614068,32,1.855629578,1.365794691
Saudi Arabia,SAU,MLE,YEARS35-39,0.063847795,14.65945363,37,2.362368399,1.365794691
Saudi Arabia,SAU,MLE,YEARS40-44,0.065176565,21.54085466,42,2.73741572,1.365794691
Saudi Arabia,SAU,MLE,YEARS45-49,0.051343961,25.3639165,47,2.413166144,1.365794691
Saudi Arabia,SAU,MLE,YEARS50-54,0.035468753,26.86403373,52,1.84437517,1.365794691
Saudi Arabia,SAU,MLE,YEARS55-59,0.024783176,27.96533628,57,1.412641056,1.365794691
Saudi Arabia,SAU,MLE,YEARS5-9,0.04360584,0.619202931,7,0.305240882,1.365794691
Saudi Arabia,SAU,MLE,YEARS60-64,0.014651694,24.79945723,62,0.908405027,1.365794691
Saudi Arabia,SAU,MLE,YEARS65-69,0.008714789,21.60396196,67,0.583890864,1.365794691
Saudi Arabia,SAU,MLE,YEARS70-74,0.004244011,15.6684627,72,0.305568763,1.365794691
Saudi Arabia,SAU,MLE,YEARS75-79,0.002928284,16.46545054,77,0.225477901,1.365794691
Saudi Arabia,SAU,MLE,YEARS80-84,0.001414446,12.19677194,82,0.115984611,1.365794691
Saudi Arabia,SAU,MLE,YEARS85PLUS,0.000856121,14.20047549,88,0.075338629,1.365794691
Spain,ESP,FMLE,YEARS0-1,0.004028497,0.896340649,0.5,0.002014249,0.965701489
Spain,ESP,FMLE,YEARS10-14,0.025583875,0.076751626,12,0.307006503,0.965701489
Spain,ESP,FMLE,YEARS1-4,0.016890358,0.119921545,2.5,0.042225896,0.965701489
Spain,ESP,FMLE,YEARS15-19,0.023001134,0.144907146,17,0.391019283,0.965701489
Spain,ESP,FMLE,YEARS20-24,0.023666135,0.248494419,22,0.520654974,0.965701489
Spain,ESP,FMLE,YEARS25-29,0.025093983,0.316184182,27,0.677537533,0.965701489
Spain,ESP,FMLE,YEARS30-34,0.029007581,0.452518267,32,0.928242599,0.965701489
Spain,ESP,FMLE,YEARS35-39,0.036864648,1.039583063,37,1.363991962,0.965701489
Spain,ESP,FMLE,YEARS40-44,0.042648144,2.025786831,42,1.79122204,0.965701489
Spain,ESP,FMLE,YEARS45-49,0.040678796,3.689566757,47,1.911903391,0.965701489
Spain,ESP,FMLE,YEARS50-54,0.038304499,6.013806278,52,1.991833926,0.965701489
Spain,ESP,FMLE,YEARS55-59,0.036426855,9.03386014,57,2.076330758,0.965701489
Spain,ESP,FMLE,YEARS5-9,0.02408512,0.08429792,7,0.16859584,0.965701489
Spain,ESP,FMLE,YEARS60-64,0.031300871,10.8739227,62,1.940654023,0.965701489
Spain,ESP,FMLE,YEARS65-69,0.026387118,13.11967527,67,1.767936932,0.965701489
Spain,ESP,FMLE,YEARS70-74,0.024978378,18.13680015,72,1.798443205,0.965701489
Spain,ESP,FMLE,YEARS75-79,0.02077306,28.50479362,77,1.599525658,0.965701489
Spain,ESP,FMLE,YEARS80-84,0.016232868,46.31237161,82,1.331095153,0.965701489
Spain,ESP,FMLE,YEARS85PLUS,0.022772321,200.9998909,88,2.003964244,0.965701489
Spain,ESP,MLE,YEARS0-1,0.004296231,1.14279738,0.5,0.002148115,0.965701489
Spain,ESP,MLE,YEARS10-14,0.027313391,0.15022365,12,0.327760692,0.965701489
Spain,ESP,MLE,YEARS1-4,0.017923977,0.164900587,2.5,0.044809942,0.965701489
Spain,ESP,MLE,YEARS15-19,0.02428691,0.281728152,17,0.412877463,0.965701489
Spain,ESP,MLE,YEARS20-24,0.024798027,0.577794038,22,0.545556603,0.965701489
Spain,ESP,MLE,YEARS25-29,0.025980864,0.756043157,27,0.701483341,0.965701489
Spain,ESP,MLE,YEARS30-34,0.02911328,1.02478744,32,0.931624946,0.965701489
Spain,ESP,MLE,YEARS35-39,0.036779682,1.739678979,37,1.36084825,0.965701489
Spain,ESP,MLE,YEARS40-44,0.044019312,3.195802069,42,1.848811114,0.965701489
Spain,ESP,MLE,YEARS45-49,0.042445177,6.379510153,47,1.994923335,0.965701489
Spain,ESP,MLE,YEARS50-54,0.038555414,11.34685847,52,2.004881551,0.965701489
Spain,ESP,MLE,YEARS55-59,0.035303757,17.94489974,57,2.012314155,0.965701489
Spain,ESP,MLE,YEARS5-9,0.025645219,0.107709919,7,0.179516532,0.965701489
Spain,ESP,MLE,YEARS60-64,0.029473403,23.29577755,62,1.827350972,0.965701489
Spain,ESP,MLE,YEARS65-69,0.024109897,28.70042139,67,1.615363099,0.965701489
Spain,ESP,MLE,YEARS70-74,0.021570077,37.23426742,72,1.553045565,0.965701489
Spain,ESP,MLE,YEARS75-79,0.01658991,47.52345575,77,1.277423058,0.965701489
Spain,ESP,MLE,YEARS80-84,0.01120749,55.41207027,82,0.91901415,0.965701489
Spain,ESP,MLE,YEARS85PLUS,0.011863739,131.4727732,88,1.044009063,0.965701489
Sweden,SWE,FMLE,YEARS0-1,0.005841941,1.036360261,0.5,0.00292097,1.002954222
Sweden,SWE,FMLE,YEARS10-14,0.027992532,0.156758181,12,0.335910389,1.002954222
Sweden,SWE,FMLE,YEARS1-4,0.023108008,0.18255326,2.5,0.057770019,1.002954222
Sweden,SWE,FMLE,YEARS15-19,0.025674269,0.331198067,17,0.436462569,1.002954222
Sweden,SWE,FMLE,YEARS20-24,0.027376375,0.492774743,22,0.602280242,1.002954222
Sweden,SWE,FMLE,YEARS25-29,0.036021514,0.857312036,27,0.972580881,1.002954222
Sweden,SWE,FMLE,YEARS30-34,0.03289559,1.042790192,32,1.052658869,1.002954222
Sweden,SWE,FMLE,YEARS35-39,0.02996615,0.985886341,37,1.108747557,1.002954222
Sweden,SWE,FMLE,YEARS40-44,0.030019556,1.533999303,42,1.260821345,1.002954222
Sweden,SWE,FMLE,YEARS45-49,0.032626569,2.877663355,47,1.533448727,1.002954222
Sweden,SWE,FMLE,YEARS50-54,0.033025616,4.775504143,52,1.717332057,1.002954222
Sweden,SWE,FMLE,YEARS55-59,0.029899592,7.385199321,57,1.704276766,1.002954222
Sweden,SWE,FMLE,YEARS5-9,0.028776978,0.106474817,7,0.201438844,1.002954222
Sweden,SWE,FMLE,YEARS60-64,0.027899371,11.79864416,62,1.729761027,1.002954222
Sweden,SWE,FMLE,YEARS65-69,0.027116221,18.73459734,67,1.816786831,1.002954222
Sweden,SWE,FMLE,YEARS70-74,0.02858388,32.83430342,72,2.058039389,1.002954222
Sweden,SWE,FMLE,YEARS75-79,0.021170957,41.60093006,77,1.630163671,1.002954222
Sweden,SWE,FMLE,YEARS80-84,0.014313312,53.71356754,82,1.173691619,1.002954222
Sweden,SWE,FMLE,YEARS85PLUS,0.016954102,202.4540221,88,1.491961005,1.002954222
Sweden,SWE,MLE,YEARS0-1,0.006206912,1.304692992,0.5,0.003103456,1.002954222
Sweden,SWE,MLE,YEARS10-14,0.029569494,0.168546114,12,0.354833924,1.002954222
Sweden,SWE,MLE,YEARS1-4,0.02439333,0.241493969,2.5,0.060983326,1.002954222
Sweden,SWE,MLE,YEARS15-19,0.026985796,0.615276149,17,0.458758532,1.002954222
Sweden,SWE,MLE,YEARS20-24,0.029066524,1.520179206,22,0.639463528,1.002954222
Sweden,SWE,MLE,YEARS25-29,0.037558521,2.659143272,27,1.014080061,1.002954222
Sweden,SWE,MLE,YEARS30-34,0.034206619,2.442352575,32,1.094611798,1.002954222
Sweden,SWE,MLE,YEARS35-39,0.031394353,2.367134202,37,1.161591054,1.002954222
Sweden,SWE,MLE,YEARS40-44,0.031088566,2.791753191,42,1.305719755,1.002954222
Sweden,SWE,MLE,YEARS45-49,0.033523206,4.311084253,47,1.575590668,1.002954222
Sweden,SWE,MLE,YEARS50-54,0.034087652,7.039100061,52,1.772557885,1.002954222
Sweden,SWE,MLE,YEARS55-59,0.030583603,10.6675608,57,1.743265383,1.002954222
Sweden,SWE,MLE,YEARS5-9,0.030365397,0.133607748,7,0.212557781,1.002954222
Sweden,SWE,MLE,YEARS60-64,0.027859516,17.65736152,62,1.727290019,1.002954222
Sweden,SWE,MLE,YEARS65-69,0.026454828,26.83313228,67,1.772473492,1.002954222
Sweden,SWE,MLE,YEARS70-74,0.027207091,45.41407576,72,1.958910529,1.002954222
Sweden,SWE,MLE,YEARS75-79,0.019432184,55.65766238,77,1.496278194,1.002954222
Sweden,SWE,MLE,YEARS80-84,0.011275567,60.08636943,82,0.924596501,1.002954222
Sweden,SWE,MLE,YEARS85PLUS,0.009478307,133.8261191,88,0.834091059,1.002954222
Switzerland,CHE,FMLE,YEARS0-1,0.00512736,1.519236743,0.5,0.00256368,0.983827326
Switzerland,CHE,FMLE,YEARS10-14,0.023149883,0.108804449,12,0.277798593,0.983827326
Switzerland,CHE,FMLE,YEARS1-4,0.020360453,0.144559215,2.5,0.050901132,0.983827326
Switzerland,CHE,FMLE,YEARS15-19,0.024393341,0.173192722,17,0.4146868,0.983827326
Switzerland,CHE,FMLE,YEARS20-24,0.027953313,0.259965808,22,0.614972878,0.983827326
Switzerland,CHE,FMLE,YEARS25-29,0.032056621,0.410324744,27,0.865528756,0.983827326
Switzerland,CHE,FMLE,YEARS30-34,0.03459417,0.626154471,32,1.107013429,0.983827326
Switzerland,CHE,FMLE,YEARS35-39,0.035457712,1.173650252,37,1.311935327,0.983827326
Switzerland,CHE,FMLE,YEARS40-44,0.032737654,1.433909226,42,1.374981449,0.983827326
Switzerland,CHE,FMLE,YEARS45-49,0.035322925,2.832898583,47,1.660177474,0.983827326
Switzerland,CHE,FMLE,YEARS50-54,0.039260252,5.225539574,52,2.041533117,0.983827326
Switzerland,CHE,FMLE,YEARS55-59,0.036243384,8.383094832,57,2.065872916,0.983827326
Switzerland,CHE,FMLE,YEARS5-9,0.024167417,0.082169216,7,0.169171916,0.983827326
Switzerland,CHE,FMLE,YEARS60-64,0.029825077,10.68632495,62,1.84915475,0.983827326
Switzerland,CHE,FMLE,YEARS65-69,0.026147312,15.01901624,67,1.751869931,0.983827326
Switzerland,CHE,FMLE,YEARS70-74,0.025221731,23.63276238,72,1.815964665,0.983827326
Switzerland,CHE,FMLE,YEARS75-79,0.020003583,32.20976881,77,1.540275865,0.983827326
Switzerland,CHE,FMLE,YEARS80-84,0.014695809,50.43601637,82,1.205056335,0.983827326
Switzerland,CHE,FMLE,YEARS85PLUS,0.017358135,195.692137,88,1.527515838,0.983827326
Switzerland,CHE,MLE,YEARS0-1,0.005353401,1.860306824,0.5,0.0026767,0.983827326
Switzerland,CHE,MLE,YEARS10-14,0.024317567,0.109429053,12,0.291810809,0.983827326
Switzerland,CHE,MLE,YEARS1-4,0.021411974,0.192707768,2.5,0.053529935,0.983827326
Switzerland,CHE,MLE,YEARS15-19,0.025407034,0.490355754,17,0.431919576,0.983827326
Switzerland,CHE,MLE,YEARS20-24,0.028973291,0.851814747,22,0.637412396,0.983827326
Switzerland,CHE,MLE,YEARS25-29,0.032920744,1.079800418,27,0.8888601,0.983827326
Switzerland,CHE,MLE,YEARS30-34,0.035183366,1.256046172,32,1.125867718,0.983827326
Switzerland,CHE,MLE,YEARS35-39,0.035737528,1.733270084,37,1.322288518,0.983827326
Switzerland,CHE,MLE,YEARS40-44,0.033164478,2.517183855,42,1.392908062,0.983827326
Switzerland,CHE,MLE,YEARS45-49,0.035783038,4.372687284,47,1.681802802,0.983827326
Switzerland,CHE,MLE,YEARS50-54,0.040095859,8.993501193,52,2.084984672,0.983827326
Switzerland,CHE,MLE,YEARS55-59,0.036860865,13.58322884,57,2.101069318,0.983827326
Switzerland,CHE,MLE,YEARS5-9,0.02551889,0.099523673,7,0.178632233,0.983827326
Switzerland,CHE,MLE,YEARS60-64,0.030242822,19.42496446,62,1.875054953,0.983827326
Switzerland,CHE,MLE,YEARS65-69,0.024811901,24.42979789,67,1.662397378,0.983827326
Switzerland,CHE,MLE,YEARS70-74,0.023108446,37.10292057,72,1.663808097,0.983827326
Switzerland,CHE,MLE,YEARS75-79,0.016867642,42.26525008,77,1.298808419,0.983827326
Switzerland,CHE,MLE,YEARS80-84,0.010935287,53.38169801,82,0.896693551,0.983827326
Switzerland,CHE,MLE,YEARS85PLUS,0.009229737,120.7129575,88,0.81221683,0.983827326
Thailand,THA,FMLE,YEARS0-1,0.004948339,3.297078488,0.5,0.00247417,0.949164288
Thailand,THA,FMLE,YEARS10-14,0.029042903,1.074587413,12,0.348514837,0.949164288
Thailand,THA,FMLE,YEARS1-4,0.020492052,0.530744137,2.5,0.051230129,0.949164288
Thailand,THA,FMLE,YEARS15-19,0.031268852,1.28827671,17,0.531570487,0.949164288
Thailand,THA,FMLE,YEARS20-24,0.034259535,1.603346218,22,0.753709761,0.949164288
Thailand,THA,FMLE,YEARS25-29,0.03401181,2.10533101,27,0.918318858,0.949164288
Thailand,THA,FMLE,YEARS30-34,0.032162259,2.708062245,32,1.029192302,0.949164288
Thailand,THA,FMLE,YEARS35-39,0.03539722,4.293682772,37,1.309697136,0.949164288
Thailand,THA,FMLE,YEARS40-44,0.040038818,6.426230368,42,1.681630377,0.949164288
Thailand,THA,FMLE,YEARS45-49,0.042412845,9.267206711,47,1.993403732,0.949164288
Thailand,THA,FMLE,YEARS50-54,0.041895909,12.72797713,52,2.178587264,0.949164288
Thailand,THA,FMLE,YEARS55-59,0.037735972,15.64156054,57,2.150950424,0.949164288
Thailand,THA,FMLE,YEARS5-9,0.02720322,0.726325975,7,0.19042254,0.949164288
Thailand,THA,FMLE,YEARS60-64,0.032250101,21.36569173,62,1.999506245,0.949164288
Thailand,THA,FMLE,YEARS65-69,0.02403302,25.69370198,67,1.610212359,0.949164288
Thailand,THA,FMLE,YEARS70-74,0.017341672,29.51032352,72,1.248600396,0.949164288
Thailand,THA,FMLE,YEARS75-79,0.012502933,34.62437338,77,0.962725869,0.949164288
Thailand,THA,FMLE,YEARS80-84,0.008779805,40.9937859,82,0.719943982,0.949164288
Thailand,THA,FMLE,YEARS85PLUS,0.007263121,77.85774887,88,0.639154623,0.949164288
Thailand,THA,MLE,YEARS0-1,0.005257048,4.30867629,0.5,0.002628524,0.949164288
Thailand,THA,MLE,YEARS10-14,0.030776433,1.66192736,12,0.369317191,0.949164288
Thailand,THA,MLE,YEARS1-4,0.021695905,0.666064287,2.5,0.054239763,0.949164288
Thailand,THA,MLE,YEARS15-19,0.032852911,3.952205166,17,0.558499483,0.949164288
Thailand,THA,MLE,YEARS20-24,0.03548239,6.003620342,22,0.780612574,0.949164288
Thailand,THA,MLE,YEARS25-29,0.034373602,7.97467563,27,0.92808725,0.949164288
Thailand,THA,MLE,YEARS30-34,0.032084917,9.69285348,32,1.02671735,0.949164288
Thailand,THA,MLE,YEARS35-39,0.034660709,12.31841597,37,1.282446232,0.949164288
Thailand,THA,MLE,YEARS40-44,0.037696691,15.8740765,42,1.583261014,0.949164288
Thailand,THA,MLE,YEARS45-49,0.038850175,19.53386794,47,1.825958221,0.949164288
Thailand,THA,MLE,YEARS50-54,0.038010426,24.45590814,52,1.976542156,0.949164288
Thailand,THA,MLE,YEARS55-59,0.033990309,28.36831174,57,1.937447603,0.949164288
Thailand,THA,MLE,YEARS5-9,0.028818991,0.904916321,7,0.201732938,0.949164288
Thailand,THA,MLE,YEARS60-64,0.02826655,33.32626302,62,1.75252613,0.949164288
Thailand,THA,MLE,YEARS65-69,0.02032019,35.51156317,67,1.361452697,0.949164288
Thailand,THA,MLE,YEARS70-74,0.013841594,36.43245865,72,0.996594743,0.949164288
Thailand,THA,MLE,YEARS75-79,0.00949559,37.8636668,77,0.731160462,0.949164288
Thailand,THA,MLE,YEARS80-84,0.006081845,36.87605151,82,0.4987113,0.949164288
Thailand,THA,MLE,YEARS85PLUS,0.004403338,52.26762776,88,0.387493786,0.949164288
Turkey,TUR,FMLE,YEARS0-1,0.007517751,5.884895375,0.5,0.003758875,0.974389634
Turkey,TUR,FMLE,YEARS10-14,0.039636457,0.535092165,12,0.47563748,0.974389634
Turkey,TUR,FMLE,YEARS1-4,0.031470327,0.837110694,2.5,0.078675817,0.974389634
Turkey,TUR,FMLE,YEARS15-19,0.039977954,0.779570105,17,0.67962522,0.974389634
Turkey,TUR,FMLE,YEARS20-24,0.039511897,0.845554586,22,0.869261724,0.974389634
Turkey,TUR,FMLE,YEARS25-29,0.037745269,0.909660995,27,1.019122276,0.974389634
Turkey,TUR,FMLE,YEARS30-34,0.038205801,1.203482746,32,1.222585646,0.974389634
Turkey,TUR,FMLE,YEARS35-39,0.038070682,1.81597151,37,1.408615217,0.974389634
Turkey,TUR,FMLE,YEARS40-44,0.035823038,2.85867845,42,1.504567605,0.974389634
Turkey,TUR,FMLE,YEARS45-49,0.032539612,4.060943516,47,1.529361741,0.974389634
Turkey,TUR,FMLE,YEARS50-54,0.028542589,5.988235215,52,1.484214639,0.974389634
Turkey,TUR,FMLE,YEARS55-59,0.025304986,8.65430506,57,1.442384177,0.974389634
Turkey,TUR,FMLE,YEARS5-9,0.040085698,0.50908836,7,0.280599883,0.974389634
Turkey,TUR,FMLE,YEARS60-64,0.021776814,12.87662988,62,1.350162443,0.974389634
Turkey,TUR,FMLE,YEARS65-69,0.01759005,19.03595265,67,1.178533383,0.974389634
Turkey,TUR,FMLE,YEARS70-74,0.012648915,25.96822231,72,0.910721874,0.974389634
Turkey,TUR,FMLE,YEARS75-79,0.009193403,34.83012664,77,0.707892032,0.974389634
Turkey,TUR,FMLE,YEARS80-84,0.00606274,41.32484712,82,0.497144665,0.974389634
Turkey,TUR,FMLE,YEARS85PLUS,0.00478166,68.02389267,88,0.420786065,0.974389634
Turkey,TUR,MLE,YEARS0-1,0.007870084,7.045299034,0.5,0.003935042,0.974389634
Turkey,TUR,MLE,YEARS10-14,0.04144259,0.754255139,12,0.49731108,0.974389634
Turkey,TUR,MLE,YEARS1-4,0.032944708,0.945513105,2.5,0.082361769,0.974389634
Turkey,TUR,MLE,YEARS15-19,0.041786137,1.500122323,17,0.710364331,0.974389634
Turkey,TUR,MLE,YEARS20-24,0.040952896,2.014882472,22,0.900963707,0.974389634
Turkey,TUR,MLE,YEARS25-29,0.038660041,2.141766253,27,1.043821098,0.974389634
Turkey,TUR,MLE,YEARS30-34,0.038605899,2.45919578,32,1.235388775,0.974389634
Turkey,TUR,MLE,YEARS35-39,0.037923659,3.511730861,37,1.403175398,0.974389634
Turkey,TUR,MLE,YEARS40-44,0.035032803,5.349509043,42,1.471377733,0.974389634
Turkey,TUR,MLE,YEARS45-49,0.031111282,8.275600915,47,1.462230237,0.974389634
Turkey,TUR,MLE,YEARS50-54,0.027008841,13.08038175,52,1.404459738,0.974389634
Turkey,TUR,MLE,YEARS55-59,0.023000504,18.30610104,57,1.311028721,0.974389634
Turkey,TUR,MLE,YEARS5-9,0.041942461,0.61655417,7,0.293597224,0.974389634
Turkey,TUR,MLE,YEARS60-64,0.018248965,24.12513208,62,1.131435846,0.974389634
Turkey,TUR,MLE,YEARS65-69,0.01392423,28.19238759,67,0.932923381,0.974389634
Turkey,TUR,MLE,YEARS70-74,0.009903654,32.77614446,72,0.713063122,0.974389634
Turkey,TUR,MLE,YEARS75-79,0.00680738,34.40653843,77,0.524168225,0.974389634
Turkey,TUR,MLE,YEARS80-84,0.004184809,29.25893158,82,0.343154367,0.974389634
Turkey,TUR,MLE,YEARS85PLUS,0.002163417,32.03392652,88,0.190380664,0.974389634
UK,GBR,FMLE,YEARS0-1,0.005379122,1.776186208,0.5,0.002689561,0.975795148
UK,GBR,FMLE,YEARS10-14,0.028125122,0.120938024,12,0.337501461,0.975795148
UK,GBR,FMLE,YEARS1-4,0.023171854,0.222449794,2.5,0.057929634,0.975795148
UK,GBR,FMLE,YEARS15-19,0.02672437,0.269916136,17,0.454314288,0.975795148
UK,GBR,FMLE,YEARS20-24,0.029967173,0.467487895,22,0.6592778,0.975795148
UK,GBR,FMLE,YEARS25-29,0.032948122,0.688615755,27,0.889599301,0.975795148
UK,GBR,FMLE,YEARS30-34,0.034646001,1.229933022,32,1.10867202,0.975795148
UK,GBR,FMLE,YEARS35-39,0.033675545,1.842052331,37,1.245995178,0.975795148
UK,GBR,FMLE,YEARS40-44,0.031714496,2.775018373,42,1.332008819,0.975795148
UK,GBR,FMLE,YEARS45-49,0.032576318,4.41409109,47,1.531086946,0.975795148
UK,GBR,FMLE,YEARS50-54,0.035155358,7.031071642,52,1.828078627,0.975795148
UK,GBR,FMLE,YEARS55-59,0.03356324,10.88455873,57,1.913104679,0.975795148
UK,GBR,FMLE,YEARS5-9,0.029749285,0.110072354,7,0.208244994,0.975795148
UK,GBR,FMLE,YEARS60-64,0.028593446,14.45970555,62,1.772793641,0.975795148
UK,GBR,FMLE,YEARS65-69,0.025892978,19.46375186,67,1.734829553,0.975795148
UK,GBR,FMLE,YEARS70-74,0.025675935,32.842088,72,1.848667294,0.975795148
UK,GBR,FMLE,YEARS75-79,0.018587754,39.97110556,77,1.431257035,0.975795148
UK,GBR,FMLE,YEARS80-84,0.014075562,57.56905052,82,1.154196123,0.975795148
UK,GBR,FMLE,YEARS85PLUS,0.015903664,190.4257033,88,1.399522444,0.975795148
UK,GBR,MLE,YEARS0-1,0.005643952,2.251936923,0.5,0.002821976,0.975795148
UK,GBR,MLE,YEARS10-14,0.029399189,0.179335056,12,0.352790274,0.975795148
UK,GBR,MLE,YEARS1-4,0.024312944,0.279598852,2.5,0.060782359,0.975795148
UK,GBR,MLE,YEARS15-19,0.027836939,0.534469237,17,0.47322797,0.975795148
UK,GBR,MLE,YEARS20-24,0.031046587,1.120781781,22,0.683024908,0.975795148
UK,GBR,MLE,YEARS25-29,0.03384196,1.637950859,27,0.913732917,0.975795148
UK,GBR,MLE,YEARS30-34,0.034710209,2.242279499,32,1.110726687,0.975795148
UK,GBR,MLE,YEARS35-39,0.033256518,3.013040511,37,1.230491158,0.975795148
UK,GBR,MLE,YEARS40-44,0.031528135,4.729220178,42,1.32418165,0.975795148
UK,GBR,MLE,YEARS45-49,0.031897007,6.905701957,47,1.499159316,0.975795148
UK,GBR,MLE,YEARS50-54,0.034071754,10.01028118,52,1.771731182,0.975795148
UK,GBR,MLE,YEARS55-59,0.032532367,15.3325047,57,1.854344935,0.975795148
UK,GBR,MLE,YEARS5-9,0.031175152,0.158993273,7,0.218226061,0.975795148
UK,GBR,MLE,YEARS60-64,0.027670081,21.57712888,62,1.715544999,0.975795148
UK,GBR,MLE,YEARS65-69,0.024558404,27.98184592,67,1.645413092,0.975795148
UK,GBR,MLE,YEARS70-74,0.023627902,45.04659442,72,1.701208916,0.975795148
UK,GBR,MLE,YEARS75-79,0.016122085,50.85389292,77,1.24140055,0.975795148
UK,GBR,MLE,YEARS80-84,0.01108401,61.27019213,82,0.908888844,0.975795148
UK,GBR,MLE,YEARS85PLUS,0.009559462,130.2945095,88,0.841232646,0.975795148
USA,USA,FMLE,YEARS0-1,0.005842403,2.700358866,0.5,0.002921202,0.979473368
USA,USA,FMLE,YEARS10-14,0.031427392,0.26084735,12,0.377128699,0.979473368
USA,USA,FMLE,YEARS1-4,0.02328515,0.370233887,2.5,0.058212875,0.979473368
USA,USA,FMLE,YEARS15-19,0.031645452,0.765819936,17,0.537972682,0.979473368
USA,USA,FMLE,YEARS20-24,0.033465798,1.338631915,22,0.736247553,0.979473368
USA,USA,FMLE,YEARS25-29,0.035369304,1.906405472,27,0.954971201,0.979473368
USA,USA,FMLE,YEARS30-34,0.03400956,2.744571483,32,1.088305916,0.979473368
USA,USA,FMLE,YEARS35-39,0.032224256,3.38354684,37,1.192297458,0.979473368
USA,USA,FMLE,YEARS40-44,0.030729535,4.160779087,42,1.290640485,0.979473368
USA,USA,FMLE,YEARS45-49,0.03071425,6.244206947,47,1.443569732,0.979473368
USA,USA,FMLE,YEARS50-54,0.031590359,10.23211742,52,1.64269869,0.979473368
USA,USA,FMLE,YEARS55-59,0.03323636,17.13999078,57,1.894472512,0.979473368
USA,USA,FMLE,YEARS5-9,0.030135759,0.223004616,7,0.210950312,0.979473368
USA,USA,FMLE,YEARS60-64,0.031959387,21.72918716,62,1.981481988,0.979473368
USA,USA,FMLE,YEARS65-69,0.027815983,26.92865274,67,1.863670833,0.979473368
USA,USA,FMLE,YEARS70-74,0.022494485,34.69324497,72,1.619602955,0.979473368
USA,USA,FMLE,YEARS75-79,0.015600578,39.53966567,77,1.201244528,0.979473368
USA,USA,FMLE,YEARS80-84,0.010739923,46.52857012,82,0.880673718,0.979473368
USA,USA,FMLE,YEARS85PLUS,0.012898938,146.5267774,88,1.135106554,0.979473368
USA,USA,MLE,YEARS0-1,0.006106506,3.3744554,0.5,0.003053253,0.979473368
USA,USA,MLE,YEARS10-14,0.032837949,0.436744723,12,0.394055389,0.979473368
USA,USA,MLE,YEARS1-4,0.024341103,0.491690278,2.5,0.060852757,0.979473368
USA,USA,MLE,YEARS15-19,0.032933301,1.952944756,17,0.559866119,0.979473368
USA,USA,MLE,YEARS20-24,0.034715177,4.065147284,22,0.763733905,0.979473368
USA,USA,MLE,YEARS25-29,0.03678393,5.333669906,27,0.99316612,0.979473368
USA,USA,MLE,YEARS30-34,0.034984185,5.98229567,32,1.119493926,0.979473368
USA,USA,MLE,YEARS35-39,0.032433649,6.431592587,37,1.200045011,0.979473368
USA,USA,MLE,YEARS40-44,0.030509363,7.072070341,42,1.281393246,0.979473368
USA,USA,MLE,YEARS45-49,0.030479958,9.69262679,47,1.432558048,0.979473368
USA,USA,MLE,YEARS50-54,0.031821031,15.61458002,52,1.654693624,0.979473368
USA,USA,MLE,YEARS55-59,0.032681399,26.56344148,57,1.862839769,0.979473368
USA,USA,MLE,YEARS5-9,0.031516967,0.293107789,7,0.220618766,0.979473368
USA,USA,MLE,YEARS60-64,0.03012457,34.61313049,62,1.867723316,0.979473368
USA,USA,MLE,YEARS65-69,0.025108061,39.10078335,67,1.682240085,0.979473368
USA,USA,MLE,YEARS70-74,0.019317501,47.45151048,72,1.390860102,0.979473368
USA,USA,MLE,YEARS75-79,0.012510519,44.28974048,77,0.963309987,0.979473368
USA,USA,MLE,YEARS80-84,0.0082389,46.1411365,82,0.675589814,0.979473368
USA,USA,MLE,YEARS85PLUS,0.007371056,91.83156669,88,0.648652946,0.979473368
Grand Total,,,,,17244.75639,,0,
